artist;album;country;year;score;date;permalink
Fusioon ‎;Minorisa;ES;1975;3;2025-11-15 22:10;https://reddit.com/r/progalbums/comments/1oy4fkv/fusioon_minorisa_es_1975/
Modry Efekt;Svět Hledačů;CZ;1979;2;2025-09-13 02:58;https://reddit.com/r/progalbums/comments/1nfmkfj/modry_efekt_svět_hledačů_cz_1979/
Bi Kyo Ran;Bi Kyo Ran;JP;1982;1;2025-09-12 00:50;https://reddit.com/r/progalbums/comments/1nepm6a/bi_kyo_ran_bi_kyo_ran_jp_1982/
Missing Link;Nevergreen!;DE;1972;5;2025-09-12 00:33;https://reddit.com/r/progalbums/comments/1nep96y/missing_link_nevergreen_de_1972/
Morgan;Brown Out;UK;1976;5;2025-09-12 00:24;https://reddit.com/r/progalbums/comments/1nep2q8/morgan_brown_out_uk_1976/
SRC;Milestones;US;1969;1;2025-09-12 00:06;https://reddit.com/r/progalbums/comments/1neopbz/src_milestones_us_1969/
Curved Air;Air Cut;UK;1973;1;2025-09-12 00:00;https://reddit.com/r/progalbums/comments/1neokpg/curved_air_air_cut_uk_1973/
Nautilus;20000 Miles Under The Sea;DE;1978;4;2025-09-09 00:55;https://reddit.com/r/progalbums/comments/1nc59ds/nautilus_20000_miles_under_the_sea_de_1978/
Carpe Diem;En Regardant Passer Le Temps;FR;1975;2;2025-09-08 22:13;https://reddit.com/r/progalbums/comments/1nc1kmi/carpe_diem_en_regardant_passer_le_temps_fr_1975/
Cressida;Cressida;UK;1970;1;2025-09-07 23:27;https://reddit.com/r/progalbums/comments/1nb87fb/cressida_cressida_uk_1970/
Chute Libre;Ali Baba;FR;1978;2;2025-08-14 00:55;https://reddit.com/r/progalbums/comments/1mpm8fq/chute_libre_ali_baba_fr_1978/
Mellow Candle;Swaddling Songs;IE;1972;5;2025-08-11 22:08;https://reddit.com/r/progalbums/comments/1mnqt3f/mellow_candle_swaddling_songs_ie_1972/
Capitolo 6;Frutti Per Kagua;IT;1972;2;2025-08-09 00:53;https://reddit.com/r/progalbums/comments/1mlc94m/capitolo_6_frutti_per_kagua_it_1972/
Bakery;Momento;NZ/AU;1972;2;2025-08-06 20:47;https://reddit.com/r/progalbums/comments/1mjg7ly/bakery_momento_nzau_1972/
Cirkus;One;UK;1973;2;2025-08-05 00:43;https://reddit.com/r/progalbums/comments/1mhuzxf/cirkus_one_uk_1973/
Radio Noisz Ensemble;Yniverze;DE;1982;3;2025-08-01 21:18;https://reddit.com/r/progalbums/comments/1mf8kac/radio_noisz_ensemble_yniverze_de_1982/
Asfalto;Al Otro Lado;ES;1978;2;2025-07-30 21:50;https://reddit.com/r/progalbums/comments/1mdjlvh/asfalto_al_otro_lado_es_1978/
Teddy Lasry;e=mc²;FR;1976;5;2025-07-28 22:58;https://reddit.com/r/progalbums/comments/1mbv67g/teddy_lasry_emc²_fr_1976/
Mémoriance;Et Après...;FR;1976;2;2025-07-25 22:33;https://reddit.com/r/progalbums/comments/1m9d10i/mémoriance_et_après_fr_1976/
The Chris Hinze Combination;Sister Slick;NL;1974;1;2025-07-23 21:27;https://reddit.com/r/progalbums/comments/1m7lsaz/the_chris_hinze_combination_sister_slick_nl_1974/
Scapa Flow;Uuteen Aikaan;FI;1980;3;2025-07-21 23:17;https://reddit.com/r/progalbums/comments/1m5y9kp/scapa_flow_uuteen_aikaan_fi_1980/
Stallion;The Hard Life;UK;1974 - 1979;2;2025-06-23 23:34;https://reddit.com/r/progalbums/comments/1liw0ee/stallion_the_hard_life_uk_19741979/
Uschi Brüning Und Das Günther Fischer;Quintett;DE;1973;2;2025-06-18 23:25;https://reddit.com/r/progalbums/comments/1levuge/uschi_brüning_und_das_günther_fischerquintett_de/
Jean;Philippe Goude - Drones;FR;1980;3;2025-06-16 22:21;https://reddit.com/r/progalbums/comments/1ld6lik/jeanphilippe_goude_drones_fr_1980/
Beau Dommage;Beau Dommage;CA;1974;3;2025-06-13 22:14;https://reddit.com/r/progalbums/comments/1lasq7l/beau_dommage_beau_dommage_ca_1974/
Streetmark;Eileen;DE;1977;2;2025-06-11 23:18;https://reddit.com/r/progalbums/comments/1l97b9z/streetmark_eileen_de_1977/
Gualberto;Vericuetos;ES;1976;2;2025-06-09 23:04;https://reddit.com/r/progalbums/comments/1l7jd1v/gualberto_vericuetos_es_1976/
Pinnacle;Assasin;UK;1974;2;2025-06-06 19:59;https://reddit.com/r/progalbums/comments/1l51ws9/pinnacle_assasin_uk_1974/
Tonic;This Way;DE;1980;3;2025-06-04 23:58;https://reddit.com/r/progalbums/comments/1l3l22d/tonic_this_way_de_1980/
Terje Rypdal;Terje Rypdal;NO;1971;2;2025-06-02 21:42;https://reddit.com/r/progalbums/comments/1l1um9e/terje_rypdal_terje_rypdal_no_1971/
The Neutrons;Black Hole Star;UK;1974;2;2025-05-31 21:00;https://reddit.com/r/progalbums/comments/1l07gq6/the_neutrons_black_hole_star_uk_1974/
Keith Cross & Peter Ross;Bored Civilians;UK;1972;3;2025-05-30 23:58;https://reddit.com/r/progalbums/comments/1kzjedl/keith_cross_peter_ross_bored_civilians_uk_1972/
Dionysis Savvopoulos;Ballos;GR;1971;2;2025-05-29 21:07;https://reddit.com/r/progalbums/comments/1kym93d/dionysis_savvopoulos_ballos_gr_1971/
FSB;II.;BG;1978;1;2025-05-21 22:47;https://reddit.com/r/progalbums/comments/1ksbi8b/fsb_ii_bg_1978/
Ex Vitae;Mandarine;FR;1978;2;2025-05-20 00:55;https://reddit.com/r/progalbums/comments/1kqs8ue/ex_vitae_mandarine_fr_1978/
Gustavo Montesano;Homenaje;AR;1977;2;2025-05-16 23:26;https://reddit.com/r/progalbums/comments/1koey1q/gustavo_montesano_homenaje_ar_1977/
Baba Scholae;69;UK/FR;1969;1;2025-05-09 21:37;https://reddit.com/r/progalbums/comments/1kiu249/baba_scholae_69_ukfr_1969/
Mandy Morton & Spriguns;Magic Lady;UK;1978;3;2025-05-07 22:08;https://reddit.com/r/progalbums/comments/1kha2xq/mandy_morton_spriguns_magic_lady_uk_1978/
Alfredo Carrión;Los Andares Del Alquimista;ES;1976;2;2025-05-05 21:48;https://reddit.com/r/progalbums/comments/1kfo07g/alfredo_carrión_los_andares_del_alquimista_es_1976/
Second Movement;Blind Man's Mirror;DE;1976;2;2025-05-02 22:44;https://reddit.com/r/progalbums/comments/1kde398/second_movement_blind_mans_mirror_de_1976/
Symphonic Slam;Symphonic Slam;CA;1976;2;2025-05-01 01:43;https://reddit.com/r/progalbums/comments/1kbxane/symphonic_slam_symphonic_slam_ca_1976/
Arkus;1914;NL;1981;1;2025-04-29 01:07;https://reddit.com/r/progalbums/comments/1kabte9/arkus_1914_nl_1981/
Shaa Khan;The World Will End On Friday;DE;1978;3;2025-04-25 21:00;https://reddit.com/r/progalbums/comments/1k7vqnu/shaa_khan_the_world_will_end_on_friday_de_1978/
Flower Travellin’ Band;Satori;Japan;1971;1;2025-04-25 09:42;https://reddit.com/r/progalbums/comments/1k7gxe1/flower_travellin_band_satori_japan_1971/
Parzival;Legend;DE;1971;3;2025-04-19 00:42;https://reddit.com/r/progalbums/comments/1k2k4kt/parzival_legend_de_1971/
Miguel Abuelo & Nada;Miguel Abuelo & Nada;AR;1973;3;2025-04-17 01:08;https://reddit.com/r/progalbums/comments/1k10o4c/miguel_abuelo_nada_miguel_abuelo_nada_ar_1973/
David Sancious;Forest Of Feelings;US;1975;1;2025-04-14 23:35;https://reddit.com/r/progalbums/comments/1jzdeb5/david_sancious_forest_of_feelings_us_1975/
Madden And Harris;Fools Paradise;AU;1975;2;2025-04-04 19:31;https://reddit.com/r/progalbums/comments/1jrkh6i/madden_and_harris_fools_paradise_au_1975/
Budka Suflera;Cień Wielkiej Góry;PL;1975;1;2025-04-02 21:46;https://reddit.com/r/progalbums/comments/1jq0tky/budka_suflera_cień_wielkiej_góry_pl_1975/
Dear Mr Time;Grandfather;UK;1970;2;2025-03-31 23:11;https://reddit.com/r/progalbums/comments/1joh3on/dear_mr_time_grandfather_uk_1970/
Nino Ferrer;Métronomie;FR/IT;1971;2;2025-03-28 20:38;https://reddit.com/r/progalbums/comments/1jm50cr/nino_ferrer_métronomie_frit_1971/
Michel Moulinié;Chrysalide;FR;1978;5;2025-03-26 23:01;https://reddit.com/r/progalbums/comments/1jkpddm/michel_moulinié_chrysalide_fr_1978/
Juan Martín;Picasso Portraits;ES;1981;2;2025-03-21 22:01;https://reddit.com/r/progalbums/comments/1jgssuq/juan_martín_picasso_portraits_es_1981/
Eberhard Weber;The Colours Of Chloë;DE;1974;3;2025-03-19 23:24;https://reddit.com/r/progalbums/comments/1jfazq3/eberhard_weber_the_colours_of_chloë_de_1974/
Titanic;Titanic;NO;1970;2;2025-03-18 00:17;https://reddit.com/r/progalbums/comments/1jds6xt/titanic_titanic_no_1970/
Mirror;Daybreak;NL;1976;2;2025-03-15 00:47;https://reddit.com/r/progalbums/comments/1jbj613/mirror_daybreak_nl_1976/
Champignons;Première Capsule;CA;1972;3;2025-03-13 01:30;https://reddit.com/r/progalbums/comments/1ja0ntq/champignons_première_capsule_ca_1972/
Mushroom;Early One Morning;IE;1973;2;2025-03-11 04:03;https://reddit.com/r/progalbums/comments/1j8ia98/mushroom_early_one_morning_ie_1973/
José Cid;10.000 Anos Depois Entre Vénus E Marte;PT;1978;2;2025-03-07 23:14;https://reddit.com/r/progalbums/comments/1j636iv/josé_cid_10000_anos_depois_entre_vénus_e_marte_pt/
Barbara Thompson's Paraphernalia;Mother Earth;UK;1982;1;2025-03-06 01:15;https://reddit.com/r/progalbums/comments/1j4jmou/barbara_thompsons_paraphernalia_mother_earth_uk/
The Trip;Caronte;IT;1971;1;2025-03-04 01:02;https://reddit.com/r/progalbums/comments/1j2ypws/the_trip_caronte_it_1971/
Pavol Hammel & Marián Varga;Zelená Pošta;SK;1972;3;2025-02-28 22:34;https://reddit.com/r/progalbums/comments/1j0kb5b/pavol_hammel_marián_varga_zelená_pošta_sk_1972/
Affinity;Affinity;UK;1970;1;2025-02-14 22:40;https://reddit.com/r/progalbums/comments/1ipn3n4/affinity_affinity_uk_1970/
Moose Loose;Elgen Er Løs;NO;1974;2;2025-02-12 23:37;https://reddit.com/r/progalbums/comments/1io5ae0/moose_loose_elgen_er_løs_no_1974/
Erkin Koray;Elektronik Türküler;TR;1974;2;2025-02-10 22:43;https://reddit.com/r/progalbums/comments/1imjfv7/erkin_koray_elektronik_türküler_tr_1974/
Bread, Love And Dreams;Amaryllis;UK;1971;2;2025-02-07 21:16;https://reddit.com/r/progalbums/comments/1ik5yjl/bread_love_and_dreams_amaryllis_uk_1971/
Julian Priester Pepo Mtoto;Love, Love;US;1973;1;2025-02-05 23:56;https://reddit.com/r/progalbums/comments/1iiouus/julian_priester_pepo_mtoto_love_love_us_1973/
Babe Ruth;First Base;UK;1972;2;2025-02-04 00:22;https://reddit.com/r/progalbums/comments/1ih4mge/babe_ruth_first_base_uk_1972/
God Bless;Cermin;ID;1980;1;2025-01-31 22:15;https://reddit.com/r/progalbums/comments/1ieqyfq/god_bless_cermin_id_1980/
Bella Band;Bella Band;IT;1978;2;2025-01-30 00:40;https://reddit.com/r/progalbums/comments/1id9iql/bella_band_bella_band_it_1978/
Józef Skrzek;Ojciec Chrzestny Dominika;PL;1980;2;2024-11-08 21:23;https://reddit.com/r/progalbums/comments/1gmthyf/józef_skrzek_ojciec_chrzestny_dominika_pl_1980/
Pop Workshop;Vol.1;SE/PL/US;1973;2;2024-11-06 21:53;https://reddit.com/r/progalbums/comments/1gla94v/pop_workshop_vol1_seplus_1973/
Man;Back Into The Future;UK;1973;1;2024-11-04 23:44;https://reddit.com/r/progalbums/comments/1gjsypa/man_back_into_the_future_uk_1973/
Shelagh McDonald;Stargazer;UK;1971;2;2024-11-01 19:16;https://reddit.com/r/progalbums/comments/1ghdfpk/shelagh_mcdonald_stargazer_uk_1971/
Michael Hoenig;Departure From The Northern Wasteland;DE;1978;4;2024-10-27 23:28;https://reddit.com/r/progalbums/comments/1gdob2l/michael_hoenig_departure_from_the_northern/
Rodolfo Mederos Generación Cero;De Todas Maneras;AR;1977;1;2024-10-25 20:10;https://reddit.com/r/progalbums/comments/1gc3iiy/rodolfo_mederos_generación_cero_de_todas_maneras/
Kestrel;Kestrel;UK;1975;2;2024-10-24 22:37;https://reddit.com/r/progalbums/comments/1gbff1k/kestrel_kestrel_uk_1975/
Granada;Valle Del Pas;ES;1978;3;2024-10-18 21:29;https://reddit.com/r/progalbums/comments/1g6t7l6/granada_valle_del_pas_es_1978/
These Trails;These Trails;US;1973;2;2024-10-13 22:49;https://reddit.com/r/progalbums/comments/1g31zep/these_trails_these_trails_us_1973/
Out Of Focus;Not Too Late;DE;1974;1;2024-10-13 01:26;https://reddit.com/r/progalbums/comments/1g2esm3/out_of_focus_not_too_late_de_1974/
Ophiucus;Ophiucus;FR;1971;3;2024-10-11 23:30;https://reddit.com/r/progalbums/comments/1g1n5e4/ophiucus_ophiucus_fr_1971/
Tea;Tea;CH;1974;3;2024-09-24 20:07;https://reddit.com/r/progalbums/comments/1fom0vg/tea_tea_ch_1974/
Kaleidoscope;White - Faced Lady;UK;1970;3;2024-09-20 19:31;https://reddit.com/r/progalbums/comments/1flkg3w/kaleidoscope_whitefaced_lady_uk_1970/
Tibet;Tibet;DE;1978;5;2024-09-18 21:19;https://reddit.com/r/progalbums/comments/1fk3zcv/tibet_tibet_de_1978/
Midwinter;The Waters Of Sweet Sorrow;UK;1973;3;2024-09-15 21:56;https://reddit.com/r/progalbums/comments/1fhod9p/midwinter_the_waters_of_sweet_sorrow_uk_1973/
Gunesh Ensemble;Looking At The Earth;SU;1984;3;2024-09-15 00:38;https://reddit.com/r/progalbums/comments/1fh0bwx/gunesh_ensemble_looking_at_the_earth_su_1984/
Il Paese Dei Balocchi;Il Paese Dei Balocchi;IT;1972;2;2024-09-13 21:53;https://reddit.com/r/progalbums/comments/1fg6lhv/il_paese_dei_balocchi_il_paese_dei_balocchi_it/
John Greaves;Accident;UK;1982;2;2024-09-04 22:33;https://reddit.com/r/progalbums/comments/1f96p1e/john_greaves_accident_uk_1982/
Sunbirds;Sunbirds;DE;1971;2;2024-09-04 00:02;https://reddit.com/r/progalbums/comments/1f8f6fs/sunbirds_sunbirds_de_1971/
Fantasia;Fantasia;FI;1975;5;2024-08-30 19:55;https://reddit.com/r/progalbums/comments/1f54hoz/fantasia_fantasia_fi_1975/
Egberto Gismonti;Academia De Danças;BR;1974;2;2024-08-29 20:30;https://reddit.com/r/progalbums/comments/1f4coq6/egberto_gismonti_academia_de_danças_br_1974/
Osiris;Osiris;BH;1982;3;2024-08-27 23:27;https://reddit.com/r/progalbums/comments/1f2vj12/osiris_osiris_bh_1982/
Solution;Cordon Bleu;NL;1975;3;2024-08-27 01:54;https://reddit.com/r/progalbums/comments/1f25khd/solution_cordon_bleu_nl_1975/
John Cale & Terry Riley;Church Of Anthrax;UK/US;1971;3;2024-08-23 20:35;https://reddit.com/r/progalbums/comments/1ezn2nz/john_cale_terry_riley_church_of_anthrax_ukus_1971/
Think;We'll Give You A Buzz;NZ;1976;2;2024-08-22 01:17;https://reddit.com/r/progalbums/comments/1ey6qbn/think_well_give_you_a_buzz_nz_1976/
Pentacle;La Clef Des Songes;FR;1975;2;2024-08-20 20:13;https://reddit.com/r/progalbums/comments/1ex5pu9/pentacle_la_clef_des_songes_fr_1975/
Fuchsia;Fuchsia;UK;1971;4;2024-08-19 23:44;https://reddit.com/r/progalbums/comments/1ewgvrq/fuchsia_fuchsia_uk_1971/
Flamengo;Kuře V Hodinkách;CZ;1972;5;2024-08-19 23:15;https://reddit.com/r/progalbums/comments/1ewg97o/flamengo_kuře_v_hodinkách_cz_1972/
Cherry Five;Cherry Five;IT;1975;2;2024-08-14 20:04;https://reddit.com/r/progalbums/comments/1esb8xi/cherry_five_cherry_five_it_1975/
Riff Raff;Original Man;UK;1974;4;2024-08-12 23:49;https://reddit.com/r/progalbums/comments/1eqt9b7/riff_raff_original_man_uk_1974/
Brainticket;Cottonwoodhill;CH;1971;2;2024-08-12 23:21;https://reddit.com/r/progalbums/comments/1eqsm5x/brainticket_cottonwoodhill_ch_1971/
Darryl Way's Wolf;Canis Lupus;UK;1973;3;2024-08-11 01:20;https://reddit.com/r/progalbums/comments/1ep8ok4/darryl_ways_wolf_canis_lupus_uk_1973/
Måns Mossa;Måns Mossa;SE;1979;2;2024-08-10 20:48;https://reddit.com/r/progalbums/comments/1ep2zwq/måns_mossa_måns_mossa_se_1979/
Space Circus;Funky Caravan;JP;1978;3;2024-08-09 02:03;https://reddit.com/r/progalbums/comments/1ennxnh/space_circus_funky_caravan_jp_1978/
Wapassou;Messe En Ré Mineur;FR;1976;2;2024-08-08 03:29;https://reddit.com/r/progalbums/comments/1emvte6/wapassou_messe_en_ré_mineur_fr_1976/
Rare Bird;As Your Mind Flies By;UK;1970;2;2024-08-02 23:38;https://reddit.com/r/progalbums/comments/1eioqpi/rare_bird_as_your_mind_flies_by_uk_1970/
Frumpy;2;DE;1971;3;2024-07-31 23:44;https://reddit.com/r/progalbums/comments/1eh25oa/frumpy_2_de_1971/
Holding Pattern;Holding Pattern;US;1981;3;2024-07-30 00:46;https://reddit.com/r/progalbums/comments/1efg1cq/holding_pattern_holding_pattern_us_1981/
Alan Stivell;Chemins De Terre;FR;1973;4;2024-07-22 23:43;https://reddit.com/r/progalbums/comments/1e9t6rg/alan_stivell_chemins_de_terre_fr_1973/
Jerry Goodman & Jan Hammer;Like Children;US;1974;3;2024-07-20 21:38;https://reddit.com/r/progalbums/comments/1e86bed/jerry_goodman_jan_hammer_like_children_us_1974/
Marek Grechuta / Anawa;Korowód;PL;1971;2;2024-07-17 03:08;https://reddit.com/r/progalbums/comments/1e57st4/marek_grechuta_anawa_korowód_pl_1971/
Sui Generis;Pequeñas Anécdotas Sobre Las Instituciones;AR;1974;2;2024-07-16 01:29;https://reddit.com/r/progalbums/comments/1e4c6ye/sui_generis_pequeñas_anécdotas_sobre_las/
Silver Apples;Silver Apples;US;1968;2;2024-07-12 20:17;https://reddit.com/r/progalbums/comments/1e1rf3w/silver_apples_silver_apples_us_1968/
Argent;Nexus;UK;1974;2;2024-07-06 01:05;https://reddit.com/r/progalbums/comments/1dwdmlh/argent_nexus_uk_1974/
Petrus Castrus;Ascenção E Queda;PT;1978;2;2024-07-04 23:57;https://reddit.com/r/progalbums/comments/1dvkszi/petrus_castrus_ascenção_e_queda_pt_1978/
Kay Hoffman;Floret Silva;CH;1978;2;2024-07-04 00:38;https://reddit.com/r/progalbums/comments/1dutuwd/kay_hoffman_floret_silva_ch_1978/
Web;I Spider;UK;1970;5;2024-07-03 01:17;https://reddit.com/r/progalbums/comments/1du248a/web_i_spider_uk_1970/
Johan Timman;Trip Into The Body;NL;1981;5;2024-06-29 22:38;https://reddit.com/r/progalbums/comments/1drmyu3/johan_timman_trip_into_the_body_nl_1981/
Maelstrom;Maelstrom;CA;1976;4;2024-06-19 22:53;https://reddit.com/r/progalbums/comments/1djwj3z/maelstrom_maelstrom_ca_1976/
Shawn Phillips;Second Contribution;US;1970;2;2024-06-18 23:24;https://reddit.com/r/progalbums/comments/1dj4odf/shawn_phillips_second_contribution_us_1970/
Tarantula;Tarantula;ES;1976;2;2024-06-17 22:42;https://reddit.com/r/progalbums/comments/1dib9c9/tarantula_tarantula_es_1976/
Triade;1998: La Storia Di Sabazio;IT;1973;5;2024-06-13 22:45;https://reddit.com/r/progalbums/comments/1dfbxmk/triade_1998_la_storia_di_sabazio_it_1973/
Gary Boyle;The Dancer;UK;1977;2;2024-06-12 22:00;https://reddit.com/r/progalbums/comments/1deit77/gary_boyle_the_dancer_uk_1977/
S. Ramses;Secret;FR;1978;2;2024-06-10 23:12;https://reddit.com/r/progalbums/comments/1dczkau/s_ramses_secret_fr_1978/
White Witch;White Witch;US;1972;3;2024-06-07 21:11;https://reddit.com/r/progalbums/comments/1dalxrj/white_witch_white_witch_us_1972/
Tudor Lodge;Tudor Lodge;UK;1971;3;2024-06-06 00:35;https://reddit.com/r/progalbums/comments/1d95h5f/tudor_lodge_tudor_lodge_uk_1971/
Duncan Browne;The Wild Places;UK;1978;2;2024-06-04 23:55;https://reddit.com/r/progalbums/comments/1d8c3gw/duncan_browne_the_wild_places_uk_1978/
Yochk'o Seffer;Ghilgoul;FR/HU;1978;2;2024-05-31 21:51;https://reddit.com/r/progalbums/comments/1d577wp/yochko_seffer_ghilgoul_frhu_1978/
Tantra;Mistérios E Maravilhas;PT;1977;2;2024-05-30 03:24;https://reddit.com/r/progalbums/comments/1d3uj8q/tantra_mistérios_e_maravilhas_pt_1977/
Klan;Mrowisko;PL;1971;2;2024-05-29 00:36;https://reddit.com/r/progalbums/comments/1d2zcwe/klan_mrowisko_pl_1971/
The Plastic People Of The Universe;Hovězí Porážka;CZ;1984;2;2024-05-23 23:57;https://reddit.com/r/progalbums/comments/1cz7hnt/the_plastic_people_of_the_universe_hovězí_porážka/
Visitor 2035;Visitor 2035;UK;1978;3;2024-05-22 23:41;https://reddit.com/r/progalbums/comments/1cyeuz3/visitor_2035_visitor_2035_uk_1978/
Emma Myldenberger;Tour De Trance;DE;1979;3;2024-05-21 22:07;https://reddit.com/r/progalbums/comments/1cxk9ov/emma_myldenberger_tour_de_trance_de_1979/
Triangle;Viens Avec Nous;FR;1972;3;2024-05-21 00:10;https://reddit.com/r/progalbums/comments/1cwukdy/triangle_viens_avec_nous_fr_1972/
Canterbury Glass;Sacred Scenes And Characters;UK;1968;2;2024-05-17 20:29;https://reddit.com/r/progalbums/comments/1cufgsk/canterbury_glass_sacred_scenes_and_characters_uk/
Pork Pie;Transitory;DE;1974;1;2024-05-04 02:05;https://reddit.com/r/progalbums/comments/1cjpdc3/pork_pie_transitory_de_1974/
Jonesy;Keeping Up...;UK;1973;2;2024-05-01 22:21;https://reddit.com/r/progalbums/comments/1chz4zn/jonesy_keeping_up_uk_1973/
Corte Dei Miracoli;Corte Dei Miracoli;IT;1976;3;2024-04-29 23:26;https://reddit.com/r/progalbums/comments/1cgdvnj/corte_dei_miracoli_corte_dei_miracoli_it_1976/
Minotaurus;Fly Away;DE;1978;3;2024-04-26 20:48;https://reddit.com/r/progalbums/comments/1cdw68e/minotaurus_fly_away_de_1978/
September;Zadnja Avantura;YU;1976;3;2024-04-24 22:34;https://reddit.com/r/progalbums/comments/1ccbrav/september_zadnja_avantura_yu_1976/
Nicholas Greenwood;Cold Cuts;UK;1972;1;2024-04-22 22:52;https://reddit.com/r/progalbums/comments/1caopvj/nicholas_greenwood_cold_cuts_uk_1972/
Richard Wright;Wet Dream;UK;1978;1;2024-04-19 21:38;https://reddit.com/r/progalbums/comments/1c88qw7/richard_wright_wet_dream_uk_1978/
Þursaflokkurinn;Þursabit;IS;1979;1;2024-04-19 01:43;https://reddit.com/r/progalbums/comments/1c7kvcu/þursaflokkurinn_þursabit_is_1979/
Carpe Diem;Cueille Le Jour;FR;1976;5;2024-04-18 00:07;https://reddit.com/r/progalbums/comments/1c6pg9h/carpe_diem_cueille_le_jour_fr_1976/
The United States Of America;The United States Of America;US;1968;6;2024-04-12 22:37;https://reddit.com/r/progalbums/comments/1c2mg6k/the_united_states_of_america_the_united_states_of/
Pell Mell;Marburg;DE;1972;3;2024-04-11 22:38;https://reddit.com/r/progalbums/comments/1c1sn83/pell_mell_marburg_de_1972/
Moto Perpetuo;Moto Perpetuo;BR;1974;1;2024-04-10 23:41;https://reddit.com/r/progalbums/comments/1c10a6i/moto_perpetuo_moto_perpetuo_br_1974/
Ablution;Ablution;SE/UK;1974;1;2024-04-09 01:14;https://reddit.com/r/progalbums/comments/1bzfeih/ablution_ablution_seuk_1974/
Riccardo Zappa;Celestion;IT;1977;3;2024-04-05 23:43;https://reddit.com/r/progalbums/comments/1bwwye1/riccardo_zappa_celestion_it_1977/
Asturias;Circle In The Forest;JP;1988;1;2024-04-04 23:51;https://reddit.com/r/progalbums/comments/1bw34en/asturias_circle_in_the_forest_jp_1988/
Artcane;Odyssée;FR;1977;5;2024-04-03 22:43;https://reddit.com/r/progalbums/comments/1bv6s4h/artcane_odyssée_fr_1977/
Espíritu;Libre Y Natural;AR;1976;1;2024-04-02 21:07;https://reddit.com/r/progalbums/comments/1bu9yud/espíritu_libre_y_natural_ar_1976/
Neil;Neil's Heavy Concept Album;UK;1984;2;2024-04-01 07:58;https://reddit.com/r/progalbums/comments/1bsxtcx/neil_neils_heavy_concept_album_uk_1984/
Arena;Arena;AU;1975;2;2024-02-23 00:54;https://reddit.com/r/progalbums/comments/1axna51/arena_arena_au_1975/
Björn J:Son Lindh;Från Storstad Till Grodspad;SE;1971;2;2024-02-21 22:43;https://reddit.com/r/progalbums/comments/1awpu65/björn_json_lindh_från_storstad_till_grodspad_se/
Gordon Giltrap;Perilous Journey;UK;1977;1;2024-02-20 23:53;https://reddit.com/r/progalbums/comments/1avx1dp/gordon_giltrap_perilous_journey_uk_1977/
Hayward & Lodge;Blue Jays;UK;1975;2;2024-02-20 00:21;https://reddit.com/r/progalbums/comments/1av3kxh/hayward_lodge_blue_jays_uk_1975/
Rayuela;Rayuela;AR;1977;1;2024-02-17 00:36;https://reddit.com/r/progalbums/comments/1asojrm/rayuela_rayuela_ar_1977/
Schicke Führs Fröhling;Symphonic Pictures;DE;1976;4;2024-02-15 20:56;https://reddit.com/r/progalbums/comments/1arpypy/schicke_führs_fröhling_symphonic_pictures_de_1976/
Mr. Sirius;Barren Dream;JP;1987;2;2024-02-14 23:25;https://reddit.com/r/progalbums/comments/1ar11il/mr_sirius_barren_dream_jp_1987/
Günter Schickert;Überfällig;DE;1979;1;2024-02-14 00:01;https://reddit.com/r/progalbums/comments/1aq8rel/günter_schickert_überfällig_de_1979/
Izvir;Izvir;YU;1977;1;2024-02-13 00:38;https://reddit.com/r/progalbums/comments/1apg10p/izvir_izvir_yu_1977/
Sky;2;UK/AU;1980;3;2024-02-09 23:08;https://reddit.com/r/progalbums/comments/1an1gps/sky_2_ukau_1980/
Witthüser & Westrupp;Trips & Träume;DE;1971;2;2024-02-09 03:34;https://reddit.com/r/progalbums/comments/1ameo46/witthüser_westrupp_trips_träume_de_1971/
Kalevala;People No Names;FI;1972;1;2024-02-08 00:03;https://reddit.com/r/progalbums/comments/1alhw8z/kalevala_people_no_names_fi_1972/
Ibis;Sun Supreme;IT;1974;1;2024-02-07 00:03;https://reddit.com/r/progalbums/comments/1akoyr8/ibis_sun_supreme_it_1974/
Crypto;Crypto;NL;1974;1;2024-02-06 03:42;https://reddit.com/r/progalbums/comments/1ak0fn1/crypto_crypto_nl_1974/
Triode;On N'a Pas Fini D'avoir Tout Vu;FR;1971;3;2024-02-02 23:15;https://reddit.com/r/progalbums/comments/1ahhaei/triode_on_na_pas_fini_davoir_tout_vu_fr_1971/
Franck Dervieux;Dimension 'M';CA;1971;1;2024-02-02 02:09;https://reddit.com/r/progalbums/comments/1agsi2w/franck_dervieux_dimension_m_ca_1971/
Lady Lake;No Pictures;NL;1977;2;2024-01-31 22:25;https://reddit.com/r/progalbums/comments/1afunzu/lady_lake_no_pictures_nl_1977/
Módulo 1000;Não Fale Com Paredes;BR;1972;2;2024-01-30 22:44;https://reddit.com/r/progalbums/comments/1af1t00/módulo_1000_não_fale_com_paredes_br_1972/
Cosmic Eye;Dream Sequence;UK/IN;1972;2;2024-01-29 19:55;https://reddit.com/r/progalbums/comments/1ae4hlo/cosmic_eye_dream_sequence_ukin_1972/
Sintesis;Sintesis;AR;1976;3;2024-01-28 22:02;https://reddit.com/r/progalbums/comments/1adeh38/sintesis_sintesis_ar_1976/
Skaldowie;Krywań, Krywań;PL;1972;2;2024-01-25 23:15;https://reddit.com/r/progalbums/comments/19fms3m/skaldowie_krywań_krywań_pl_1972/
Hands;Hands;US;1980;3;2024-01-25 22:54;https://reddit.com/r/progalbums/comments/19fmamo/hands_hands_us_1980/
Ford Theatre;Trilogy For The Masses;US;1968;2;2024-01-24 23:23;https://reddit.com/r/progalbums/comments/19eum7h/ford_theatre_trilogy_for_the_masses_us_1968/
Scarab;Scarab;FI;1983;1;2024-01-24 00:46;https://reddit.com/r/progalbums/comments/19e448q/scarab_scarab_fi_1983/
The Cosmic Jokers;The Cosmic Jokers;DE;1974;1;2024-01-17 22:40;https://reddit.com/r/progalbums/comments/199a2lx/the_cosmic_jokers_the_cosmic_jokers_de_1974/
Il Baricentro;Sconcerto;IT;1976;2;2024-01-16 23:48;https://reddit.com/r/progalbums/comments/198hwiq/il_baricentro_sconcerto_it_1976/
Space Art;Trip In The Center Head;FR;1977;3;2024-01-15 21:59;https://reddit.com/r/progalbums/comments/197lawv/space_art_trip_in_the_center_head_fr_1977/
Kyrie Eleison;The Fountain Beyond The Sunrise;AT;1976;3;2024-01-13 21:08;https://reddit.com/r/progalbums/comments/195y88w/kyrie_eleison_the_fountain_beyond_the_sunrise_at/
Casa Das Máquinas;Lar De Maravilhas;BR;1975;2;2024-01-13 01:25;https://reddit.com/r/progalbums/comments/195bt8y/casa_das_máquinas_lar_de_maravilhas_br_1975/
Zut Un Feu Rouge;Who's Afreud;SE;1985;3;2024-01-10 21:56;https://reddit.com/r/progalbums/comments/193kf0k/zut_un_feu_rouge_whos_afreud_se_1985/
Cos;Viva Boma;BE;1976;1;2024-01-10 21:39;https://reddit.com/r/progalbums/comments/193jz4u/cos_viva_boma_be_1976/
Nirgal Vallis;Y Murió La Tarde;MX;1985;3;2024-01-09 23:04;https://reddit.com/r/progalbums/comments/192sli9/nirgal_vallis_y_murió_la_tarde_mx_1985/
Dave Greenslade;Cactus Choir;UK;1976;1;2024-01-09 22:45;https://reddit.com/r/progalbums/comments/192s3qi/dave_greenslade_cactus_choir_uk_1976/
Trúbrot;....Lifun;IS;1971;2;2024-01-09 01:16;https://reddit.com/r/progalbums/comments/192206k/trúbrot_lifun_is_1971/
Yezda Urfa;Boris;US;1975;3;2024-01-09 01:07;https://reddit.com/r/progalbums/comments/1921tdi/yezda_urfa_boris_us_1975/
Dr. Z;Three Parts To My Soul;UK;1971;2;2024-01-05 23:39;https://reddit.com/r/progalbums/comments/18zl90f/dr_z_three_parts_to_my_soul_uk_1971/
Latte E Miele;Passio Secundum Mattheum;IT;1972;1;2024-01-05 00:42;https://reddit.com/r/progalbums/comments/18yt7mj/latte_e_miele_passio_secundum_mattheum_it_1972/
Solar Plexus;Solar Plexus;SE;1972;3;2024-01-04 01:21;https://reddit.com/r/progalbums/comments/18y09wk/solar_plexus_solar_plexus_se_1972/
Bahamas;Le Voyageur Immobile;FR;1976;1;2024-01-04 01:13;https://reddit.com/r/progalbums/comments/18y03fd/bahamas_le_voyageur_immobile_fr_1976/
Rialzu;U Rigiru;FR;1978;1;2024-01-03 01:08;https://reddit.com/r/progalbums/comments/18x67cf/rialzu_u_rigiru_fr_1978/
Tim Blake;Crystal Machine;UK;1977;2;2024-01-03 00:57;https://reddit.com/r/progalbums/comments/18x5yej/tim_blake_crystal_machine_uk_1977/
East Of Eden;Snafu;UK;1970;2;2024-01-03 00:35;https://reddit.com/r/progalbums/comments/18x5gdw/east_of_eden_snafu_uk_1970/
Amenophis;Amenophis;DE;1983;3;2024-01-02 04:04;https://reddit.com/r/progalbums/comments/18wg1wd/amenophis_amenophis_de_1983/
Los Jaivas;Alturas De Machu Picchu;CL;1981;2;2024-01-02 03:45;https://reddit.com/r/progalbums/comments/18wfonj/los_jaivas_alturas_de_machu_picchu_cl_1981/
Ekseption;Trinity;NL;1973;1;2024-01-02 03:27;https://reddit.com/r/progalbums/comments/18wfb17/ekseption_trinity_nl_1973/
Kaipa;Inget Nytt Under Solen;SE;1976;4;2023-07-21 21:18;https://reddit.com/r/progalbums/comments/1560ix3/kaipa_inget_nytt_under_solen_se_1976/
Jean;Paul Prat - Masal;FR;1982;4;2023-07-20 21:59;https://reddit.com/r/progalbums/comments/1554nm5/jeanpaul_prat_masal_fr_1982/
Potemkine;Foetus;FR;1976;2;2023-07-19 20:35;https://reddit.com/r/progalbums/comments/15465kb/potemkine_foetus_fr_1976/
Procession;Frontiera;IT;1972;2;2023-07-18 22:30;https://reddit.com/r/progalbums/comments/153cl5v/procession_frontiera_it_1972/
Quiet Sun;Mainstream;UK;1975;4;2023-07-18 22:19;https://reddit.com/r/progalbums/comments/153cb2x/quiet_sun_mainstream_uk_1975/
Sally Oldfield;Water Bearer;IE;1978;2;2023-07-17 20:12;https://reddit.com/r/progalbums/comments/152cl8r/sally_oldfield_water_bearer_ie_1978/
Moğollar;Düm - Tek;TR;1975;4;2023-07-16 19:06;https://reddit.com/r/progalbums/comments/151ejn2/moğollar_dümtek_tr_1975/
Taï Phong;Taï Phong;FR/VN;1975;3;2023-07-16 01:44;https://reddit.com/r/progalbums/comments/150tc4d/taï_phong_taï_phong_frvn_1975/
Zyma;Thoughts;DE;1978;2;2023-07-14 20:46;https://reddit.com/r/progalbums/comments/14zrmie/zyma_thoughts_de_1978/
Älgarnas Trädgård;Framtiden Är Ett Svävande Skepp, Förankrat I Forntiden;SE;1972;4;2023-07-14 20:28;https://reddit.com/r/progalbums/comments/14zr6fo/älgarnas_trädgård_framtiden_är_ett_svävande_skepp/
The Master's Apprentices;A Toast To Panama Red;AU;1971;2;2023-07-14 20:11;https://reddit.com/r/progalbums/comments/14zqqo3/the_masters_apprentices_a_toast_to_panama_red_au/
Ragnarök;Ragnarök;SE;1976;6;2023-07-12 22:47;https://reddit.com/r/progalbums/comments/14y3aym/ragnarök_ragnarök_se_1976/
Debile Menthol;Emile Au Jardin Patrologique;CH;1981;1;2023-07-12 22:22;https://reddit.com/r/progalbums/comments/14y2no0/debile_menthol_emile_au_jardin_patrologique_ch/
Gryphon;Red Queen To Gryphon Three;UK;1974;6;2023-07-07 00:40;https://reddit.com/r/progalbums/comments/14srdcj/gryphon_red_queen_to_gryphon_three_uk_1974/
Arachnoid;Arachnoid;FR;1979;4;2023-07-06 00:44;https://reddit.com/r/progalbums/comments/14rsumw/arachnoid_arachnoid_fr_1979/
Kraan;Let It Out;DE;1975;2;2023-07-06 00:03;https://reddit.com/r/progalbums/comments/14rryo8/kraan_let_it_out_de_1975/
Heldon;Stand By;FR;1979;8;2023-07-05 22:38;https://reddit.com/r/progalbums/comments/14rpu29/heldon_stand_by_fr_1979/
Necromandus;Orexis Of Death;UK;1973;5;2023-07-04 21:39;https://reddit.com/r/progalbums/comments/14qrt2c/necromandus_orexis_of_death_uk_1973/
Jade Warrior;Last Autumn's Dream;UK;1972;3;2023-07-04 01:59;https://reddit.com/r/progalbums/comments/14q1pgu/jade_warrior_last_autumns_dream_uk_1972/
Culpeper's Orchard;Culpeper's Orchard;DK;1971;4;2023-07-04 01:39;https://reddit.com/r/progalbums/comments/14q1amn/culpepers_orchard_culpepers_orchard_dk_1971/
Maneige;Les Porches;CA;1975;5;2023-07-04 00:57;https://reddit.com/r/progalbums/comments/14q0fh0/maneige_les_porches_ca_1975/
Fusioon ‎;Minorisa;ES;1975;5;2022-09-14 20:10;https://reddit.com/r/progalbums/comments/xebxc9/fusioon_minorisa_es_1975/
Gótic;Escenes;ES;1978;6;2022-06-22 03:24;https://reddit.com/r/progalbums/comments/vhvaun/gótic_escenes_es_1978/
Goodthunder;Goodthunder;US;1972;4;2022-05-16 10:57;https://reddit.com/r/progalbums/comments/uqt78i/goodthunder_goodthunder_us_1972/
Duncan Mackay;Chimera;UK;1974;5;2022-05-12 21:03;https://reddit.com/r/progalbums/comments/uob4a8/duncan_mackay_chimera_uk_1974/
Clearlight;Clearlight Symphony;FR;1975;3;2022-05-11 20:50;https://reddit.com/r/progalbums/comments/unjmnb/clearlight_clearlight_symphony_fr_1975/
Frijid Pink;Earth Omen;US;1972;3;2022-05-10 20:37;https://reddit.com/r/progalbums/comments/ums4xf/frijid_pink_earth_omen_us_1972/
Fields;Fields;UK;1971;7;2022-05-10 19:42;https://reddit.com/r/progalbums/comments/umqx59/fields_fields_uk_1971/
Hermann Szobel;Szobel;AT;1976;2;2022-05-09 21:16;https://reddit.com/r/progalbums/comments/um1khm/hermann_szobel_szobel_at_1976/
Pangea;Invasori;IT;1976;3;2022-05-06 20:26;https://reddit.com/r/progalbums/comments/ujwha5/pangea_invasori_it_1976/
Morgan;Nova Solis;UK;1972;3;2022-05-05 04:14;https://reddit.com/r/progalbums/comments/uip322/morgan_nova_solis_uk_1972/
Janne Schaffer;Katharsis;SE;1976;2;2022-05-04 20:31;https://reddit.com/r/progalbums/comments/uifuj4/janne_schaffer_katharsis_se_1976/
Iraklis;Se Allous Kosmous;GR;1976;2;2022-04-30 21:53;https://reddit.com/r/progalbums/comments/ufkzsb/iraklis_se_allous_kosmous_gr_1976/
Alice;Alice;FR;1970;4;2022-04-29 22:59;https://reddit.com/r/progalbums/comments/uexuqv/alice_alice_fr_1970/
Oktober;Uhrsprung;DE;1976;1;2022-04-28 18:13;https://reddit.com/r/progalbums/comments/ue1e5q/oktober_uhrsprung_de_1976/
Gypsy;Gypsy;US;1970;2;2022-04-27 19:49;https://reddit.com/r/progalbums/comments/udc4vh/gypsy_gypsy_us_1970/
Pablo el Enterrador;Pablo el Enterrador;AR;1983;4;2022-04-27 06:38;https://reddit.com/r/progalbums/comments/ucx8xl/pablo_el_enterrador_pablo_el_enterrador_ar_1983/
El Reloj;El Reloj;AR;1976;2;2022-04-26 20:39;https://reddit.com/r/progalbums/comments/ucm5vv/el_reloj_el_reloj_ar_1976/
FM;Black Noise;CA;1977;4;2022-04-25 21:14;https://reddit.com/r/progalbums/comments/ubvprh/fm_black_noise_ca_1977/
Dežo Ursiny;Pevnina Detstva;SK;1978;5;2022-04-25 20:32;https://reddit.com/r/progalbums/comments/ubuqg0/dežo_ursiny_pevnina_detstva_sk_1978/
Gracious;this is...Gracious!!;UK;1971;4;2022-04-22 23:40;https://reddit.com/r/progalbums/comments/u9s08a/gracious_this_isgracious_uk_1971/
Twenty Sixty Six And Then;Reflections!;DE;1972;2;2022-04-22 21:13;https://reddit.com/r/progalbums/comments/u9owzk/twenty_sixty_six_and_then_reflections_de_1972/
Vortex;Les Cycles De Thanatos;FR;1979;3;2022-04-21 20:16;https://reddit.com/r/progalbums/comments/u8wj5t/vortex_les_cycles_de_thanatos_fr_1979/
Wilding/Bonus;Pleasure Signals;UK;1978;1;2022-04-18 21:15;https://reddit.com/r/progalbums/comments/u6nrix/wildingbonus_pleasure_signals_uk_1978/
Bo Hansson;Mellanväsen;SE;1975;1;2022-04-15 20:03;https://reddit.com/r/progalbums/comments/u4gita/bo_hansson_mellanväsen_se_1975/
I Signori Della Galassia;Iceman;IT;1979;1;2022-04-12 18:12;https://reddit.com/r/progalbums/comments/u25ikb/i_signori_della_galassia_iceman_it_1979/
Traffic Sound;Traffic Sound;PE;1970;3;2022-04-11 20:35;https://reddit.com/r/progalbums/comments/u1gwde/traffic_sound_traffic_sound_pe_1970/
Linda Perhacs;Parallelograms;US;1970;5;2022-04-09 20:10;https://reddit.com/r/progalbums/comments/u0180l/linda_perhacs_parallelograms_us_1970/
Syrinx;Long Lost Relatives;CA;1971;4;2022-04-05 18:27;https://reddit.com/r/progalbums/comments/tx1j9d/syrinx_long_lost_relatives_ca_1971/
Quarteto 1111;Onde, Quando, Como, Porquê, Cantamos Pessoas Vivas;PT;1974;4;2022-03-31 23:38;https://reddit.com/r/progalbums/comments/ttcwqx/quarteto_1111_onde_quando_como_porquê_cantamos/
Smak;Crna Dama;YU;1977;1;2022-03-30 21:47;https://reddit.com/r/progalbums/comments/tsk5s8/smak_crna_dama_yu_1977/
Abus Dangereux;Le Quatrième Mouvement;FR;1980;2;2022-03-30 21:39;https://reddit.com/r/progalbums/comments/tsjzc3/abus_dangereux_le_quatrième_mouvement_fr_1980/
Big Sleep;Bluebell Wood;UK;1971;3;2022-03-29 18:25;https://reddit.com/r/progalbums/comments/trdk06/big_sleep_bluebell_wood_uk_1971/
Høst;Hardt Mot Hardt;NO;1976;3;2022-03-28 20:43;https://reddit.com/r/progalbums/comments/tqivf5/høst_hardt_mot_hardt_no_1976/
Stormy Six;L'Apprendista;IT;1977;4;2022-03-26 21:01;https://reddit.com/r/progalbums/comments/tp41m1/stormy_six_lapprendista_it_1977/
Cai;Noche Abierta;ES;1980;6;2022-03-25 01:21;https://reddit.com/r/progalbums/comments/tnaprt/cai_noche_abierta_es_1980/
Trees;The Garden of Jane Delawney;UK;1970;3;2021-12-25 07:36;https://reddit.com/r/progalbums/comments/ro54n4/trees_the_garden_of_jane_delawney_uk_1970/
Campo Di Marte;Campo Di Marte;IT;1973;4;2021-12-17 23:40;https://reddit.com/r/progalbums/comments/rityxp/campo_di_marte_campo_di_marte_it_1973/
Eik;Hríslan Og Straumurinn;IS;1977;4;2021-12-16 23:03;https://reddit.com/r/progalbums/comments/ri2p3f/eik_hríslan_og_straumurinn_is_1977/
Krokodil;Getting Up For The Morning;CH;1972;1;2021-12-15 20:58;https://reddit.com/r/progalbums/comments/rh96mo/krokodil_getting_up_for_the_morning_ch_1972/
Lucio Battisti;Anima Latina;IT;1974;2;2021-12-15 01:33;https://reddit.com/r/progalbums/comments/rgmz1y/lucio_battisti_anima_latina_it_1974/
Kultivator;Barndomens Stigar;SE;1981;5;2021-12-14 00:41;https://reddit.com/r/progalbums/comments/rfurbg/kultivator_barndomens_stigar_se_1981/
Neo;Neo;FR;1980;2;2021-12-10 00:16;https://reddit.com/r/progalbums/comments/rcv9dl/neo_neo_fr_1980/
Som Imaginário;Matança Do Porco;BR;1973;5;2021-12-08 23:18;https://reddit.com/r/progalbums/comments/rc3q5u/som_imaginário_matança_do_porco_br_1973/
Aquelarre;Aquelarre;AR;1972;3;2021-12-08 22:54;https://reddit.com/r/progalbums/comments/rc38t1/aquelarre_aquelarre_ar_1972/
Moving Gelatine Plates;The World Of Genius Hans;FR;1972;3;2021-12-07 02:51;https://reddit.com/r/progalbums/comments/raou11/moving_gelatine_plates_the_world_of_genius_hans/
Fireballet;Night on Bald Mountain;US;1975;4;2021-12-06 08:32;https://reddit.com/r/progalbums/comments/ra2jr9/fireballet_night_on_bald_mountain_us_1975/
Franco Leprino;Integrati... Disintegrati;IT;1977;3;2021-11-24 20:41;https://reddit.com/r/progalbums/comments/r1eorr/franco_leprino_integrati_disintegrati_it_1977/
Barcelona Traction;Barcelona Traction;ES;1975;2;2021-11-24 00:31;https://reddit.com/r/progalbums/comments/r0rogx/barcelona_traction_barcelona_traction_es_1975/
Legend;Fröm the Fjörds;USA;1979;3;2021-11-21 00:18;https://reddit.com/r/progalbums/comments/qyil4m/legend_fröm_the_fjörds_usa_1979/
Komintern;Le Bal Du Rat Mort;FR;1971;2;2021-11-20 00:10;https://reddit.com/r/progalbums/comments/qxt5e4/komintern_le_bal_du_rat_mort_fr_1971/
Congreso;Congreso;CL;1977;2;2021-11-18 19:36;https://reddit.com/r/progalbums/comments/qwxorb/congreso_congreso_cl_1977/
Julian Jay Savarin;Waiters On The Dance;UK;1971;4;2021-11-18 02:34;https://reddit.com/r/progalbums/comments/qwfiy9/julian_jay_savarin_waiters_on_the_dance_uk_1971/
Audience;The House On The Hill;UK;1971;5;2021-11-17 23:56;https://reddit.com/r/progalbums/comments/qwcgl4/audience_the_house_on_the_hill_uk_1971/
Cargo;Cargo;NL;1972;4;2021-11-16 22:27;https://reddit.com/r/progalbums/comments/qvjxpv/cargo_cargo_nl_1972/
T2;It'll All Work Out In Boomland;UK;1970;7;2021-11-16 22:17;https://reddit.com/r/progalbums/comments/qvjpjj/t2_itll_all_work_out_in_boomland_uk_1970/
Dragon;Scented Gardens For The Blind;NZ;1975;4;2021-11-13 23:11;https://reddit.com/r/progalbums/comments/qtcio0/dragon_scented_gardens_for_the_blind_nz_1975/
Vladimír Mišík;Vladimír Mišík;CZ;1976;2;2021-11-12 21:19;https://reddit.com/r/progalbums/comments/qsl5i6/vladimír_mišík_vladimír_mišík_cz_1976/
Stefano Testa;Una Vita Una Balena Bianca E Altre Cose;IT;1977;3;2021-11-11 22:55;https://reddit.com/r/progalbums/comments/qrxbc2/stefano_testa_una_vita_una_balena_bianca_e_altre/
Biglietto Per L'Inferno;Biglietto Per L'Inferno;IT;1974;3;2021-11-11 22:43;https://reddit.com/r/progalbums/comments/qrx2ej/biglietto_per_linferno_biglietto_per_linferno_it/
Tony MacAlpine;Edge Of Insanity;US;1986;2;2021-11-10 20:58;https://reddit.com/r/progalbums/comments/qr40up/tony_macalpine_edge_of_insanity_us_1986/
Wallenstein;Blitzkrieg;DE;1972;2;2021-11-09 20:38;https://reddit.com/r/progalbums/comments/qqcpeb/wallenstein_blitzkrieg_de_1972/
England;Garden Shed;UK;1977;9;2021-11-09 20:19;https://reddit.com/r/progalbums/comments/qqcbf1/england_garden_shed_uk_1977/
Música Urbana;Iberia;ES;1978;2;2021-11-09 00:35;https://reddit.com/r/progalbums/comments/qprite/música_urbana_iberia_es_1978/
Arti & Mestieri;Tilt;IT;1974;9;2021-11-09 00:19;https://reddit.com/r/progalbums/comments/qpr7lh/arti_mestieri_tilt_it_1974/
Night Sun;Mournin’;Germany;1972;3;2021-10-31 07:42;https://reddit.com/r/progalbums/comments/qjknca/night_sun_mournin_germany_1972/
Hiro Yanagida;Milk Time;JP;1970;3;2021-10-26 19:44;https://reddit.com/r/progalbums/comments/qgehpp/hiro_yanagida_milk_time_jp_1970/
Nektar;A Tab In The Ocean;UK;1972;7;2021-10-26 19:32;https://reddit.com/r/progalbums/comments/qge812/nektar_a_tab_in_the_ocean_uk_1972/
Jean Cohen;Solal - Captain Tarthopom;FR;1973;1;2021-10-22 21:13;https://reddit.com/r/progalbums/comments/qdqfjs/jean_cohensolal_captain_tarthopom_fr_1973/
Drago Mlinarec;Rođenje;YU;1975;2;2021-10-21 21:10;https://reddit.com/r/progalbums/comments/qd1j3c/drago_mlinarec_rođenje_yu_1975/
Forest;Full Circle;UK;1970;3;2021-10-21 20:50;https://reddit.com/r/progalbums/comments/qd146m/forest_full_circle_uk_1970/
Kevin Ayers And The Whole World;Shooting At The Moon;UK;1970;3;2021-10-20 23:10;https://reddit.com/r/progalbums/comments/qcdl37/kevin_ayers_and_the_whole_world_shooting_at_the/
Gilgamesh;Gilgamesh;UK;1975;2;2021-10-20 22:56;https://reddit.com/r/progalbums/comments/qcdbcg/gilgamesh_gilgamesh_uk_1975/
Machiavel;Jester;BE;1977;3;2021-10-19 21:30;https://reddit.com/r/progalbums/comments/qblhk8/machiavel_jester_be_1977/
Color;Color;HU;1978;2;2021-10-18 23:47;https://reddit.com/r/progalbums/comments/qaz3tx/color_color_hu_1978/
Pavlov's Dog;Pampered Menial;US;1975;8;2021-10-18 23:05;https://reddit.com/r/progalbums/comments/qayb8a/pavlovs_dog_pampered_menial_us_1975/
Battiato;Sulle Corde Di Aries;IT;1973;2;2021-10-15 22:39;https://reddit.com/r/progalbums/comments/q8z8i8/battiato_sulle_corde_di_aries_it_1973/
Alphataurus;Alphataurus;IT;1973;5;2021-10-15 22:24;https://reddit.com/r/progalbums/comments/q8yyxj/alphataurus_alphataurus_it_1973/
Volker Kriegel;Inside: Missing Link;DE;1972;1;2021-10-14 21:41;https://reddit.com/r/progalbums/comments/q899qu/volker_kriegel_inside_missing_link_de_1972/
Scope;Scope;NL;1974;1;2021-10-14 21:26;https://reddit.com/r/progalbums/comments/q88yj0/scope_scope_nl_1974/
Gotic;Escenes;ES;1978;4;2021-10-13 20:15;https://reddit.com/r/progalbums/comments/q7jokg/gotic_escenes_es_1978/
Druid;Toward The Sun;UK;1975;2;2021-10-13 19:58;https://reddit.com/r/progalbums/comments/q7jbg6/druid_toward_the_sun_uk_1975/
Marsupilami;Arena;UK;1971;3;2021-10-08 20:57;https://reddit.com/r/progalbums/comments/q46o1d/marsupilami_arena_uk_1971/
Bubu;Anabelas;AR;1978;5;2021-10-08 20:38;https://reddit.com/r/progalbums/comments/q46b3y/bubu_anabelas_ar_1978/
Mickie D's Unicorn;Mickie D's Unicorn;DE;1979;2;2021-10-07 20:57;https://reddit.com/r/progalbums/comments/q3ih94/mickie_ds_unicorn_mickie_ds_unicorn_de_1979/
Cybotron;Cybotron;AU;1976;3;2021-10-07 20:39;https://reddit.com/r/progalbums/comments/q3i4bk/cybotron_cybotron_au_1976/
A Barca Do Sol;Durante O Verão;BR;1976;1;2021-10-06 20:45;https://reddit.com/r/progalbums/comments/q2t4es/a_barca_do_sol_durante_o_verão_br_1976/
Bröselmaschine;Bröselmaschine;DE;1971;3;2021-10-06 20:24;https://reddit.com/r/progalbums/comments/q2spsf/bröselmaschine_bröselmaschine_de_1971/
Mr. Albert Show;Mr. Albert Show;NL;1970;2;2021-10-05 23:50;https://reddit.com/r/progalbums/comments/q28osi/mr_albert_show_mr_albert_show_nl_1970/
Shadowfax;Watercourse Way;US;1976;3;2021-10-05 23:33;https://reddit.com/r/progalbums/comments/q28e0l/shadowfax_watercourse_way_us_1976/
However;Sudden Dusk;US;1981;3;2021-09-29 00:12;https://reddit.com/r/progalbums/comments/pxjhez/however_sudden_dusk_us_1981/
Secret Oyster;Sea Son;DK;1974;4;2021-09-28 23:56;https://reddit.com/r/progalbums/comments/pxj78b/secret_oyster_sea_son_dk_1974/
L'Uovo Di Colombo;L'Uovo Di Colombo;IT;1973;1;2021-09-24 21:42;https://reddit.com/r/progalbums/comments/put8bt/luovo_di_colombo_luovo_di_colombo_it_1973/
Maxophone;Maxophone;IT;1975;5;2021-09-24 21:28;https://reddit.com/r/progalbums/comments/puszie/maxophone_maxophone_it_1975/
La Máquina De Hacer Pájaros;La Máquina De Hacer Pájaros;AR;1976;3;2021-09-17 21:43;https://reddit.com/r/progalbums/comments/pq9hb4/la_máquina_de_hacer_pájaros_la_máquina_de_hacer/
Novalis;Sommerabend;DE;1976;4;2021-09-17 21:17;https://reddit.com/r/progalbums/comments/pq903i/novalis_sommerabend_de_1976/
Pražský Výběr;Straka V Hrsti;CZ;1982;3;2021-09-15 07:06;https://reddit.com/r/progalbums/comments/pol43n/pražský_výběr_straka_v_hrsti_cz_1982/
Alquin;Marks;NL;1972;2;2021-09-15 06:51;https://reddit.com/r/progalbums/comments/pokx0x/alquin_marks_nl_1972/
Patrick Vian;Bruits Et Temps Analogues;FR;1976;2;2021-09-14 19:40;https://reddit.com/r/progalbums/comments/po9z8a/patrick_vian_bruits_et_temps_analogues_fr_1976/
Automat;Automat;IT;1978;2;2021-09-14 19:23;https://reddit.com/r/progalbums/comments/po9nct/automat_automat_it_1978/
Roger Rodier;Upon Velveatur;CA;1972;2;2021-09-13 23:04;https://reddit.com/r/progalbums/comments/pnqlfs/roger_rodier_upon_velveatur_ca_1972/
Comus;First Utterance;UK;1971;11;2021-09-13 22:40;https://reddit.com/r/progalbums/comments/pnq6ft/comus_first_utterance_uk_1971/
Cymande;Cymande;GY/JM/VC;1972;2;2021-09-11 22:52;https://reddit.com/r/progalbums/comments/pmh7d5/cymande_cymande_gyjmvc_1972/
PSI;Horizonte;DE;1977;1;2021-09-11 22:38;https://reddit.com/r/progalbums/comments/pmgzib/psi_horizonte_de_1977/
Paladin;Charge!;UK;1972;1;2021-09-11 00:19;https://reddit.com/r/progalbums/comments/plwyba/paladin_charge_uk_1972/
Futurum;Ostrov Země;CZ;1985;1;2021-09-10 23:44;https://reddit.com/r/progalbums/comments/plwems/futurum_ostrov_země_cz_1985/
The Gun;Gun;UK;1968;1;2021-09-10 01:46;https://reddit.com/r/progalbums/comments/plbhhj/the_gun_gun_uk_1968/
Companyia Elèctrica Dharma;Diumenge;ES;1975;1;2021-09-08 21:02;https://reddit.com/r/progalbums/comments/pkj5fh/companyia_elèctrica_dharma_diumenge_es_1975/
Agitation Free;Malesch;DE;1972;1;2021-09-07 22:30;https://reddit.com/r/progalbums/comments/pjxnax/agitation_free_malesch_de_1972/
E.A. Poe;Generazioni (Storia Di Sempre);IT;1974;1;2021-09-03 20:58;https://reddit.com/r/progalbums/comments/phdqkg/ea_poe_generazioni_storia_di_sempre_it_1974/
Solaris;Marsbéli Krónikák;HU;1984;5;2021-09-02 23:08;https://reddit.com/r/progalbums/comments/pgsxa7/solaris_marsbéli_krónikák_hu_1984/
Kingdom Come;Journey;UK;1973;2;2021-09-01 21:06;https://reddit.com/r/progalbums/comments/pg33vf/kingdom_come_journey_uk_1973/
Gnidrolog;Lady Lake;UK;1972;6;2021-08-31 19:06;https://reddit.com/r/progalbums/comments/pfcj3x/gnidrolog_lady_lake_uk_1972/
14 Bis;14 Bis;BR;1979;2;2021-08-30 20:10;https://reddit.com/r/progalbums/comments/peq349/14_bis_14_bis_br_1979/
Eduard Artemiev;Warmth Of Earth;RU;1985;3;2021-08-29 22:06;https://reddit.com/r/progalbums/comments/pe4vfi/eduard_artemiev_warmth_of_earth_ru_1985/
Deep Feeling;Deep Feeling;UK;1971;1;2021-08-28 19:48;https://reddit.com/r/progalbums/comments/pdgkjo/deep_feeling_deep_feeling_uk_1971/
Azahar;Azahar;ES/UY/EG;1979;1;2021-08-27 21:16;https://reddit.com/r/progalbums/comments/pcwber/azahar_azahar_esuyeg_1979/
C.O.B.;Moyshe McStiff And The Tartan Lancers Of The Sacred Heart;UK;1972;3;2021-08-27 21:07;https://reddit.com/r/progalbums/comments/pcw5ag/cob_moyshe_mcstiff_and_the_tartan_lancers_of_the/
Jan Hammer Group;Oh, Yeah?;US;1976;1;2021-08-26 20:17;https://reddit.com/r/progalbums/comments/pc7lmu/jan_hammer_group_oh_yeah_us_1976/
Deuter;Ecstasy;DE;1979;2;2021-08-25 21:53;https://reddit.com/r/progalbums/comments/pbld14/deuter_ecstasy_de_1979/
Ocean;God's Clown;FR;1977;2;2021-08-24 22:10;https://reddit.com/r/progalbums/comments/paxjso/ocean_gods_clown_fr_1977/
Protos;One Day A New Horizon;UK;1982;1;2021-08-20 20:55;https://reddit.com/r/progalbums/comments/p8dsbz/protos_one_day_a_new_horizon_uk_1982/
Luciano Basso;Voci;IT;1976;3;2021-08-19 19:13;https://reddit.com/r/progalbums/comments/p7lhm1/luciano_basso_voci_it_1976/
Anyone's Daughter;Adonis;DE;1979;5;2021-08-18 19:59;https://reddit.com/r/progalbums/comments/p6yx85/anyones_daughter_adonis_de_1979/
Alux Nahual;Alux Nahual;GT;1981;2;2021-08-17 20:57;https://reddit.com/r/progalbums/comments/p6ccow/alux_nahual_alux_nahual_gt_1981/
Haikara;Haikara (1972 Finnish Prog);;;4;2021-08-17 16:19;https://reddit.com/r/progalbums/comments/p6748g/haikara_haikara_1972_finnish_prog/
John Greaves/Peter Blegvad/Lisa Herman;Kew. Rhone.;UK;1977;1;2021-08-16 21:54;https://reddit.com/r/progalbums/comments/p5q3re/john_greavespeter_blegvadlisa_herman_kew_rhone_uk/
Czesław Niemen;Aerolit;PL;1975;2;2021-08-15 22:54;https://reddit.com/r/progalbums/comments/p53otz/czesław_niemen_aerolit_pl_1975/
Bert Jansch & Martin Jenkins;Avocet;UK;1978;3;2021-08-14 21:59;https://reddit.com/r/progalbums/comments/p4h1km/bert_jansch_martin_jenkins_avocet_uk_1978/
Crucis;Los Delirios Del Mariscal;AR;1976;3;2021-08-13 20:54;https://reddit.com/r/progalbums/comments/p3ty6g/crucis_los_delirios_del_mariscal_ar_1976/
Déjà;Vu - Between The Leaves;NO;1976;3;2021-08-12 16:59;https://reddit.com/r/progalbums/comments/p3409t/déjàvu_between_the_leaves_no_1976/
Spinetta Jade;Alma De Diamante;AR;1980;2;2021-08-11 22:28;https://reddit.com/r/progalbums/comments/p2nrkb/spinetta_jade_alma_de_diamante_ar_1980/
Igra Staklenih Perli;Igra Staklenih Perli;YU;1979;3;2021-08-10 22:59;https://reddit.com/r/progalbums/comments/p20g43/igra_staklenih_perli_igra_staklenih_perli_yu_1979/
Rufus Zuphall;Phallobst;DE;1971;1;2021-08-10 19:06;https://reddit.com/r/progalbums/comments/p1vy9x/rufus_zuphall_phallobst_de_1971/
Acanthe;Someone Somewhere;FR;1973 - 77;1;2021-08-08 23:51;https://reddit.com/r/progalbums/comments/p0pvja/acanthe_someone_somewhere_fr_197377/
The Enid;Aerie Faerie Nonsense;UK;1977;4;2021-07-30 23:09;https://reddit.com/r/progalbums/comments/ouw2ht/the_enid_aerie_faerie_nonsense_uk_1977/
Takehisa Kosugi;Catch - Wave;JP;1975;2;2021-07-28 22:11;https://reddit.com/r/progalbums/comments/otkb77/takehisa_kosugi_catchwave_jp_1975/
De De Lind;Io Non So Da Dove Vengo E Non So Dove Mai Andrò, Uomo È Il Nome Che Mi Han Dato;IT;1972;2;2021-07-28 01:03;https://reddit.com/r/progalbums/comments/oszidl/de_de_lind_io_non_so_da_dove_vengo_e_non_so_dove/
Vytas Brenner;La Ofrenda De Vytas Brenner;VE;1973;3;2021-07-24 20:34;https://reddit.com/r/progalbums/comments/oqxnl0/vytas_brenner_la_ofrenda_de_vytas_brenner_ve_1973/
Opus 5;Contre - Courant;CA;1976;2;2021-07-23 07:18;https://reddit.com/r/progalbums/comments/opx8fj/opus_5_contrecourant_ca_1976/
MIA;Cornonstipicum;AR;1978;3;2021-07-23 00:51;https://reddit.com/r/progalbums/comments/opr7sv/mia_cornonstipicum_ar_1978/
Dün;Eros;FR;1981;6;2021-07-21 22:27;https://reddit.com/r/progalbums/comments/op0m80/dün_eros_fr_1981/
Fresh Maggots;Fresh Maggots;UK;1971;1;2021-07-21 21:59;https://reddit.com/r/progalbums/comments/op02ou/fresh_maggots_fresh_maggots_uk_1971/
Dom;Edge Of Time;HU/DE;1972;2;2021-07-20 19:12;https://reddit.com/r/progalbums/comments/oo8u9p/dom_edge_of_time_hude_1972/
Polyphony;Without Introduction;US;1971;2;2021-07-20 02:09;https://reddit.com/r/progalbums/comments/onsone/polyphony_without_introduction_us_1971/
Steamhammer;MK II;UK;1969;1;2021-07-19 23:22;https://reddit.com/r/progalbums/comments/onput2/steamhammer_mk_ii_uk_1969/
Il Balletto Di Bronzo;YS;IT;1972;5;2021-07-19 23:01;https://reddit.com/r/progalbums/comments/onphit/il_balletto_di_bronzo_ys_it_1972/
Arco Iris;Sudamérica O El Regreso A La Aurora;AR;1972;4;2021-07-16 20:17;https://reddit.com/r/progalbums/comments/olp3to/arco_iris_sudamérica_o_el_regreso_a_la_aurora_ar/
IQ;Tales From The Lush Attic;UK;1983;5;2021-07-16 18:01;https://reddit.com/r/progalbums/comments/olmbd2/iq_tales_from_the_lush_attic_uk_1983/
Ruphus;New Born Day;NO;1973;2;2021-07-16 00:54;https://reddit.com/r/progalbums/comments/ol6207/ruphus_new_born_day_no_1973/
Harald Grosskopf;Synthesist;DE;1980;2;2021-07-15 00:17;https://reddit.com/r/progalbums/comments/okh9tl/harald_grosskopf_synthesist_de_1980/
Pentwater;Pentwater;US;1977;5;2021-07-14 23:41;https://reddit.com/r/progalbums/comments/okgnwy/pentwater_pentwater_us_1977/
Pazop;Psychillis Of A Lunatic Genius;BE;1973;4;2021-07-14 04:43;https://reddit.com/r/progalbums/comments/ojx10y/pazop_psychillis_of_a_lunatic_genius_be_1973/
Greenslade;Greenslade;UK;1973;2;2021-07-13 23:50;https://reddit.com/r/progalbums/comments/ojs5dp/greenslade_greenslade_uk_1973/
Alas;Alas;AR;1976;3;2021-07-13 00:23;https://reddit.com/r/progalbums/comments/oj46au/alas_alas_ar_1976/
Jumbo;Vietato Ai Minori Di 18 Anni?;IT;1973;3;2021-07-10 22:13;https://reddit.com/r/progalbums/comments/ohs2zv/jumbo_vietato_ai_minori_di_18_anni_it_1973/
A.R. & Machines;Die Grüne Reise;DE;1971;2;2021-07-10 21:31;https://reddit.com/r/progalbums/comments/ohrcjy/ar_machines_die_grüne_reise_de_1971/
Dead Can Dance;Within The Realm Of A Dying Sun;AU;1987;4;2021-01-06 00:08;https://reddit.com/r/progalbums/comments/krbiwt/dead_can_dance_within_the_realm_of_a_dying_sun_au/
Koen De Bruyne;Here Comes The Crazy Man!;BE;1974;4;2021-01-05 23:57;https://reddit.com/r/progalbums/comments/krbaf5/koen_de_bruyne_here_comes_the_crazy_man_be_1974/
Tír Na NÓg ‎;Tír Na NÓg ‎;IE;1971;2;2021-01-05 23:42;https://reddit.com/r/progalbums/comments/krb0bf/tír_na_nóg_tír_na_nóg_ie_1971/
Celelalte Cuvinte;Celelalte Cuvinte;RO;1987;1;2021-01-05 23:29;https://reddit.com/r/progalbums/comments/kraqm2/celelalte_cuvinte_celelalte_cuvinte_ro_1987/
Yonin Bayashi;Ishoku Sokuhatsu;JP;1974;2;2021-01-05 23:15;https://reddit.com/r/progalbums/comments/krah3k/yonin_bayashi_ishoku_sokuhatsu_jp_1974/
Jean;Pierre Alarcen - Jean - Pierre Alarcen;FR;1978;3;2021-01-01 00:22;https://reddit.com/r/progalbums/comments/ko1e8n/jeanpierre_alarcen_jeanpierre_alarcen_fr_1978/
O Terço;Criaturas Da Noite;BR;1975;6;2021-01-01 00:05;https://reddit.com/r/progalbums/comments/ko13w7/o_terço_criaturas_da_noite_br_1975/
The Viola Crayola;Music: Breathing Of Statues;US;1974;1;2020-12-31 00:20;https://reddit.com/r/progalbums/comments/knej5k/the_viola_crayola_music_breathing_of_statues_us/
Sfinx;Zalmoxe;RO;1979;2;2020-12-30 23:54;https://reddit.com/r/progalbums/comments/kne27e/sfinx_zalmoxe_ro_1979/
Flied Egg;Dr. Siegel's Fried Egg Shooting Machine;JP;1972;2;2020-12-30 03:31;https://reddit.com/r/progalbums/comments/kmu0wy/flied_egg_dr_siegels_fried_egg_shooting_machine/
Pollen;Pollen;CA;1976;2;2020-12-30 03:24;https://reddit.com/r/progalbums/comments/kmtwtd/pollen_pollen_ca_1976/
Os Mutantes;Tudo Foi Feito Pelo Sol;BR;1974;1;2020-12-30 03:00;https://reddit.com/r/progalbums/comments/kmti0p/os_mutantes_tudo_foi_feito_pelo_sol_br_1974/
Saecula Saeculorum;Saecula Saeculorum;BR;1976;2;2020-12-24 22:13;https://reddit.com/r/progalbums/comments/kjnwn8/saecula_saeculorum_saecula_saeculorum_br_1976/
FFN;Zece Pași;RO;1976;2;2020-12-24 21:57;https://reddit.com/r/progalbums/comments/kjnn6w/ffn_zece_pași_ro_1976/
Banda Do Casaco;Hoje Há Conquilhas Amanhã Não Sabemos;PT;1977;1;2020-12-24 00:09;https://reddit.com/r/progalbums/comments/kj4lz7/banda_do_casaco_hoje_há_conquilhas_amanhã_não/
Crack;Si Todo Hiciera Crack;ES;1979;3;2020-12-23 00:08;https://reddit.com/r/progalbums/comments/kihlot/crack_si_todo_hiciera_crack_es_1979/
If;If 3;UK;1971;2;2020-12-22 23:21;https://reddit.com/r/progalbums/comments/kigpux/if_if_3_uk_1971/
Zoldar & Clark;The Ghost Of Way;US;1977;1;2020-12-19 21:59;https://reddit.com/r/progalbums/comments/kgh8yr/zoldar_clark_the_ghost_of_way_us_1977/
Apoteosi;Apoteosi;IT;1975;4;2020-12-18 22:55;https://reddit.com/r/progalbums/comments/kfvro3/apoteosi_apoteosi_it_1975/
Babylon;Babylon;US;1978;2;2020-12-17 23:36;https://reddit.com/r/progalbums/comments/kf953k/babylon_babylon_us_1978/
Tamouz;The Orange Season Is Over;IL;1976;2;2020-12-16 22:10;https://reddit.com/r/progalbums/comments/kej99p/tamouz_the_orange_season_is_over_il_1976/
Morse Code;La Marche Des Homme;CA;1975;3;2020-12-16 00:36;https://reddit.com/r/progalbums/comments/kdyes4/morse_code_la_marche_des_homme_ca_1975/
Phoenix;Cantafabule;RO;1975;4;2020-12-16 00:27;https://reddit.com/r/progalbums/comments/kdy9dj/phoenix_cantafabule_ro_1975/
Dashiell Hedayat;Obsolete;FR;1971;2;2020-12-13 23:46;https://reddit.com/r/progalbums/comments/kclrvi/dashiell_hedayat_obsolete_fr_1971/
Exodus;The Most Beautiful Day;PL;1980;2;2020-12-12 23:57;https://reddit.com/r/progalbums/comments/kbzyo6/exodus_the_most_beautiful_day_pl_1980/
Still Life;Still Life;UK;1971;2;2020-12-12 01:00;https://reddit.com/r/progalbums/comments/kbfhz1/still_life_still_life_uk_1971/
Horslips;The Táin;IE;1973;1;2020-12-10 23:09;https://reddit.com/r/progalbums/comments/kapz1b/horslips_the_táin_ie_1973/
Ñu;Cuentos De Ayer Y De Hoy;ES;1978;3;2020-12-10 22:26;https://reddit.com/r/progalbums/comments/kap8jt/ñu_cuentos_de_ayer_y_de_hoy_es_1978/
Kollektiv;Kollektiv;DE;1973;2;2020-12-09 22:03;https://reddit.com/r/progalbums/comments/ka1s58/kollektiv_kollektiv_de_1973/
Iceberg;Sentiments;ES;1977;2;2020-12-09 01:49;https://reddit.com/r/progalbums/comments/k9i9xz/iceberg_sentiments_es_1977/
Pan;Pan;DK;1970;1;2020-12-09 01:31;https://reddit.com/r/progalbums/comments/k9hywg/pan_pan_dk_1970/
Weidorje;Weidorje;FR;1978;6;2020-12-06 23:03;https://reddit.com/r/progalbums/comments/k848a8/weidorje_weidorje_fr_1978/
Blast Furnace;Blast Furnace;DK;1971;1;2020-12-06 22:50;https://reddit.com/r/progalbums/comments/k83zn1/blast_furnace_blast_furnace_dk_1971/
Jack Lancaster & Robin Lumley;Marscape;UK;1976;3;2020-12-06 03:23;https://reddit.com/r/progalbums/comments/k7lymt/jack_lancaster_robin_lumley_marscape_uk_1976/
Fruupp;Future Legends;UK;1973;6;2020-12-06 03:21;https://reddit.com/r/progalbums/comments/k7lxou/fruupp_future_legends_uk_1973/
Spring;Spring;UK;1971;5;2020-12-02 23:58;https://reddit.com/r/progalbums/comments/k5lrbh/spring_spring_uk_1971/
Catapilla;Changes;UK;1972;5;2020-11-30 23:16;https://reddit.com/r/progalbums/comments/k47x7j/catapilla_changes_uk_1972/
Ariel;Russian Pictures;SU;1977;3;2020-11-30 22:47;https://reddit.com/r/progalbums/comments/k47cby/ariel_russian_pictures_su_1977/
Ian Carr;Belladonna;UK;1972;2;2020-11-30 22:20;https://reddit.com/r/progalbums/comments/k46skg/ian_carr_belladonna_uk_1972/
Buon Vecchio Charlie;Buon Vecchio Charlie;IT;1972;2;2020-11-30 22:08;https://reddit.com/r/progalbums/comments/k46jim/buon_vecchio_charlie_buon_vecchio_charlie_it_1972/
Asia;Asia;US;1979;1;2020-11-30 21:56;https://reddit.com/r/progalbums/comments/k46akc/asia_asia_us_1979/
Mirthrandir;For You The Old Women;US;1976;4;2020-11-25 20:51;https://reddit.com/r/progalbums/comments/k10m38/mirthrandir_for_you_the_old_women_us_1976/
Colosseum;Valentyne Suite;UK;1969;5;2020-11-25 20:12;https://reddit.com/r/progalbums/comments/k0zvi1/colosseum_valentyne_suite_uk_1969/
Embryo;We Keep On;DE;1973;1;2020-11-25 19:50;https://reddit.com/r/progalbums/comments/k0zfrp/embryo_we_keep_on_de_1973/
Ambrosia;Ambrosia;US;1975;1;2020-11-25 19:39;https://reddit.com/r/progalbums/comments/k0z8gz/ambrosia_ambrosia_us_1975/
Haizea;Hontz Gaua;ES;1979;2;2020-11-21 02:18;https://reddit.com/r/progalbums/comments/jy2pr2/haizea_hontz_gaua_es_1979/
Sensitiva Immagine;E Tutto Cominciò Così...;IT;1978;2;2020-11-21 02:07;https://reddit.com/r/progalbums/comments/jy2jpp/sensitiva_immagine_e_tutto_cominciò_così_it_1978/
Rainbow Theatre;Fantasy Of Horses;AU;1976;2;2020-11-21 01:50;https://reddit.com/r/progalbums/comments/jy2aiy/rainbow_theatre_fantasy_of_horses_au_1976/
Laurent Thibault;Mais On Ne Peut Pas Rêver Tout Le Temps;FR;1978;1;2020-11-21 01:38;https://reddit.com/r/progalbums/comments/jy240l/laurent_thibault_mais_on_ne_peut_pas_rêver_tout/
Penguin Cafe Orchestra;Penguin Cafe Orchestra;UK;1981;2;2020-11-21 00:49;https://reddit.com/r/progalbums/comments/jy1cfc/penguin_cafe_orchestra_penguin_cafe_orchestra_uk/
Aunt Mary;Janus;NO;1973;1;2020-11-15 23:05;https://reddit.com/r/progalbums/comments/juvl2g/aunt_mary_janus_no_1973/
Murple;Io Sono Murple;IT;1974;1;2020-11-15 22:35;https://reddit.com/r/progalbums/comments/juv38u/murple_io_sono_murple_it_1974/
Atila;Reviure;ES;1978;3;2020-11-15 22:17;https://reddit.com/r/progalbums/comments/juus1t/atila_reviure_es_1978/
Rahmann;Rahmann;FR;1979;1;2020-11-15 22:00;https://reddit.com/r/progalbums/comments/juuhce/rahmann_rahmann_fr_1979/
Mayfly;Mayfly;NL;1973;1;2020-11-13 21:39;https://reddit.com/r/progalbums/comments/jtp5v8/mayfly_mayfly_nl_1973/
Syrius;Devil's Masquerade;HU;1971;4;2020-11-11 01:01;https://reddit.com/r/progalbums/comments/jrxyxu/syrius_devils_masquerade_hu_1971/
Missus Beastly;Missus Beastly;DE;1974;2;2020-11-11 00:46;https://reddit.com/r/progalbums/comments/jrxpps/missus_beastly_missus_beastly_de_1974/
Fusioon;Fusioon 2;ES;1974;1;2020-11-10 23:04;https://reddit.com/r/progalbums/comments/jrvuww/fusioon_fusioon_2_es_1974/
Captain Beyond;Captain Beyond;US;1972;2;2020-11-10 22:32;https://reddit.com/r/progalbums/comments/jrv9fp/captain_beyond_captain_beyond_us_1972/
Delirium;III / Viaggio Negli Arcipelaghi Del Tempo;IT;1974;1;2020-11-10 22:08;https://reddit.com/r/progalbums/comments/jrut4s/delirium_iii_viaggio_negli_arcipelaghi_del_tempo/
The Old Man & The Sea;The Old Man & The Sea;DK;1972;1;2020-11-06 02:33;https://reddit.com/r/progalbums/comments/jownyi/the_old_man_the_sea_the_old_man_the_sea_dk_1972/
Made In Sweden;Made In England;SE;1970;2;2020-11-06 02:21;https://reddit.com/r/progalbums/comments/jowhim/made_in_sweden_made_in_england_se_1970/
Atlas;Blå Vardag;SE;1979;1;2020-11-06 02:02;https://reddit.com/r/progalbums/comments/jow6kc/atlas_blå_vardag_se_1979/
McDonald & Giles;McDonald & Giles;UK;1970;4;2020-11-02 22:13;https://reddit.com/r/progalbums/comments/jmxj85/mcdonald_giles_mcdonald_giles_uk_1970/
Locanda Delle Fate;Forse Le Lucciole Non Si Amano Più;IT;1977;6;2020-10-31 00:35;https://reddit.com/r/progalbums/comments/jl8u8k/locanda_delle_fate_forse_le_lucciole_non_si_amano/
Ramses;La Leyla;DE;1976;2;2020-10-31 00:08;https://reddit.com/r/progalbums/comments/jl8dzk/ramses_la_leyla_de_1976/
Dzyan;Electric Silence;DE;1974;2;2020-10-30 23:40;https://reddit.com/r/progalbums/comments/jl7xbj/dzyan_electric_silence_de_1974/
Jericho;Jericho;IL;1972;3;2020-10-30 23:22;https://reddit.com/r/progalbums/comments/jl7mn7/jericho_jericho_il_1972/
The Blue Effect;Svitanie;SK;1977;1;2020-10-26 00:53;https://reddit.com/r/progalbums/comments/ji517j/the_blue_effect_svitanie_sk_1977/
Semiramis;Dedicato A Frazz;IT;1973;1;2020-10-25 23:23;https://reddit.com/r/progalbums/comments/ji3kfi/semiramis_dedicato_a_frazz_it_1973/
Exmagma;Goldball;DE;1974;1;2020-10-25 23:13;https://reddit.com/r/progalbums/comments/ji3eme/exmagma_goldball_de_1974/
Sicher;Sicher;CH;1981;1;2020-10-25 22:52;https://reddit.com/r/progalbums/comments/ji31xx/sicher_sicher_ch_1981/
Circus;Movin' On;CH;1977;2;2020-10-25 22:38;https://reddit.com/r/progalbums/comments/ji2t6g/circus_movin_on_ch_1977/
Alusa Fallax;Intorno Alla Mia Cattiva Educazione;IT;1974;2;2020-10-21 07:30;https://reddit.com/r/progalbums/comments/jf8e0l/alusa_fallax_intorno_alla_mia_cattiva_educazione/
Katamaran;Katamaran;DE;1977;3;2020-10-21 06:33;https://reddit.com/r/progalbums/comments/jf7pml/katamaran_katamaran_de_1977/
Altona;Altona;DE;1975;1;2020-10-21 06:17;https://reddit.com/r/progalbums/comments/jf7j5l/altona_altona_de_1975/
Metamorfosi;Inferno;IT;1973;3;2020-10-16 00:45;https://reddit.com/r/progalbums/comments/jbzy9m/metamorfosi_inferno_it_1973/
Perigeo;Genealogia;IT;1974;2;2020-10-16 00:26;https://reddit.com/r/progalbums/comments/jbzny0/perigeo_genealogia_it_1974/
East;Hüség;HU;1982;2;2020-10-16 00:13;https://reddit.com/r/progalbums/comments/jbzgop/east_hüség_hu_1982/
Grobschnitt;Rockpommel's Land;DE;1977;3;2020-10-15 23:06;https://reddit.com/r/progalbums/comments/jbyefr/grobschnitt_rockpommels_land_de_1977/
Blocco Mentale;Ποα (Poa);IT;1973;2;2020-10-11 00:19;https://reddit.com/r/progalbums/comments/j8vhc8/blocco_mentale_ποα_poa_it_1973/
Oriental Sunshine;Dedicated To The Bird We Love;NO;1970;1;2020-10-10 23:27;https://reddit.com/r/progalbums/comments/j8uo46/oriental_sunshine_dedicated_to_the_bird_we_love/
Toad;Toad;CH;1971;1;2020-10-06 01:16;https://reddit.com/r/progalbums/comments/j5w19u/toad_toad_ch_1971/
Itoiz;Ezekial;ES;1980;1;2020-10-06 00:53;https://reddit.com/r/progalbums/comments/j5vo94/itoiz_ezekial_es_1980/
Indexi;Modra Rijeka;YU;1978;1;2020-10-06 00:23;https://reddit.com/r/progalbums/comments/j5v7u2/indexi_modra_rijeka_yu_1978/
Il Volo;Il Volo;IT;1974;2;2020-10-05 23:51;https://reddit.com/r/progalbums/comments/j5upml/il_volo_il_volo_it_1974/
Curved Air;Phantasmagoria;UK;1972;3;2020-10-05 23:17;https://reddit.com/r/progalbums/comments/j5u6jj/curved_air_phantasmagoria_uk_1972/
Bacamarte;Depois Do Fim;BR;1983;1;2020-10-01 22:12;https://reddit.com/r/progalbums/comments/j3iieu/bacamarte_depois_do_fim_br_1983/
Carol Of Harvest;Carol Of Harvest;DE;1978;1;2020-09-26 20:11;https://reddit.com/r/progalbums/comments/j0cx29/carol_of_harvest_carol_of_harvest_de_1978/
Lucifer's Friend;Banquet;DE;1974;2;2020-09-26 19:30;https://reddit.com/r/progalbums/comments/j0c76c/lucifers_friend_banquet_de_1974/
Quella Vecchia Locanda;Quella Vecchia Locanda;IT;1972;2;2020-09-26 19:00;https://reddit.com/r/progalbums/comments/j0bont/quella_vecchia_locanda_quella_vecchia_locanda_it/
Agorà;Agorà 2;IT;1976;1;2020-09-22 23:03;https://reddit.com/r/progalbums/comments/ixyezy/agorà_agorà_2_it_1976/
Et Cetera;Et Cetera;CA;1976;1;2020-09-22 22:46;https://reddit.com/r/progalbums/comments/ixy4hk/et_cetera_et_cetera_ca_1976/
Clivage;Mixtus Orbis;FR;1978;1;2020-09-22 22:20;https://reddit.com/r/progalbums/comments/ixxopq/clivage_mixtus_orbis_fr_1978/
Reale Accademia Di Musica;Reale Accademia Di Musica;IT;1972;1;2020-09-19 01:29;https://reddit.com/r/progalbums/comments/ivj363/reale_accademia_di_musica_reale_accademia_di/
Pulsar;The Strands Of The Future;FR;1976;2;2020-09-19 00:55;https://reddit.com/r/progalbums/comments/ivijrc/pulsar_the_strands_of_the_future_fr_1976/
Iliad;Sapphire House;US;1978;1;2020-09-14 21:53;https://reddit.com/r/progalbums/comments/isv2sy/iliad_sapphire_house_us_1978/
Island;Pictures;CH;1977;2;2020-09-14 21:40;https://reddit.com/r/progalbums/comments/isutug/island_pictures_ch_1977/
I Giganti;Terra In Bocca;IT;1971;2;2020-09-11 03:01;https://reddit.com/r/progalbums/comments/iqihb2/i_giganti_terra_in_bocca_it_1971/
Fermáta;Huascaran;SK;1977;1;2020-09-09 23:02;https://reddit.com/r/progalbums/comments/iprbjk/fermáta_huascaran_sk_1977/
Ragnarok;Nooks;NZ;1976;1;2020-09-09 07:38;https://reddit.com/r/progalbums/comments/ipbkgu/ragnarok_nooks_nz_1976/
Klaus Schulze;Mirage;DE;1977;3;2020-09-05 22:03;https://reddit.com/r/progalbums/comments/ina00u/klaus_schulze_mirage_de_1977/
Haikara;Haikara;FI;1972;1;2020-09-05 21:25;https://reddit.com/r/progalbums/comments/in9c3d/haikara_haikara_fi_1972/
Triana;El Patio;ES;1975;2;2020-09-04 06:29;https://reddit.com/r/progalbums/comments/imayf3/triana_el_patio_es_1975/
Celeste;Principe Di Un Giorno;IT;1976;2;2020-09-03 00:16;https://reddit.com/r/progalbums/comments/ilixt1/celeste_principe_di_un_giorno_it_1976/
Gila;Free Electric Sound;DE;1971;1;2020-09-02 04:45;https://reddit.com/r/progalbums/comments/il0det/gila_free_electric_sound_de_1971/
Kayak;Kayak;NL;1974;1;2020-09-01 05:24;https://reddit.com/r/progalbums/comments/ikehw7/kayak_kayak_nl_1974/
Picchio Dal Pozzo;Abbiamo Tutti I Suoi Problemi;IT;1980;2;2020-08-31 01:43;https://reddit.com/r/progalbums/comments/ijp3h7/picchio_dal_pozzo_abbiamo_tutti_i_suoi_problemi/
It's A Beautiful Day;It's A Beautiful Day;US;1969;1;2020-08-30 03:20;https://reddit.com/r/progalbums/comments/ij5wuw/its_a_beautiful_day_its_a_beautiful_day_us_1969/
Refugee;Refugee;UK;1974;2;2020-08-28 22:31;https://reddit.com/r/progalbums/comments/iih2ay/refugee_refugee_uk_1974/
Tasavallan Presidentti;Milky Way Moses;FI;1974;2;2020-08-27 04:22;https://reddit.com/r/progalbums/comments/iheg6b/tasavallan_presidentti_milky_way_moses_fi_1974/
SBB;"SBB ""The Orange Album""";PL;1978;3;2020-08-25 21:24;https://reddit.com/r/progalbums/comments/iglfy8/sbb_sbb_the_orange_album_pl_1978/
The Muffins;Manna/Mirage;US;1978;1;2020-08-24 21:53;https://reddit.com/r/progalbums/comments/ifytoj/the_muffins_mannamirage_us_1978/
Birth Control;Hoodoo Man;DE;1972;1;2020-08-24 00:07;https://reddit.com/r/progalbums/comments/ifeeee/birth_control_hoodoo_man_de_1972/
Asia Minor;Between Flesh and Divine;TR/FR;1980;1;2020-08-23 06:54;https://reddit.com/r/progalbums/comments/ieyqbl/asia_minor_between_flesh_and_divine_trfr_1980/
Neil Ardley;Kaleidoscope Of Rainbows;UK;1976;4;2020-08-21 18:59;https://reddit.com/r/progalbums/comments/ie2x0o/neil_ardley_kaleidoscope_of_rainbows_uk_1976/
Cathedral;Stained Glass Stories;US;1978;2;2020-08-20 19:07;https://reddit.com/r/progalbums/comments/idgmio/cathedral_stained_glass_stories_us_1978/
Eskaton;Four Visions;FR;1981;2;2020-08-18 20:29;https://reddit.com/r/progalbums/comments/ic91g1/eskaton_four_visions_fr_1981/
Etna;Etna;IT;1975;1;2020-08-18 01:25;https://reddit.com/r/progalbums/comments/ibrh3n/etna_etna_it_1975/
Nicosia & C. Industria Musicale;Una Favola Vera;IT;1973;1;2020-08-16 23:00;https://reddit.com/r/progalbums/comments/ib2flb/nicosia_c_industria_musicale_una_favola_vera_it/
Synkopy;Sluneční Hodiny;CZ;1981;1;2020-08-14 19:07;https://reddit.com/r/progalbums/comments/i9s5aa/synkopy_sluneční_hodiny_cz_1981/
Zao;Kawana;FR;1976;1;2020-08-13 20:52;https://reddit.com/r/progalbums/comments/i9825s/zao_kawana_fr_1976/
Hoelderlin;Hölderlins Traum;DE;1972;3;2020-08-12 19:00;https://reddit.com/r/progalbums/comments/i8jtdm/hoelderlin_hölderlins_traum_de_1972/
Wigwam;Fairyport;FI;1971;1;2020-08-10 06:48;https://reddit.com/r/progalbums/comments/i6zxin/wigwam_fairyport_fi_1971/
Ralf Nowy;Escalation;DE;1974;1;2020-08-08 21:45;https://reddit.com/r/progalbums/comments/i67hlq/ralf_nowy_escalation_de_1974/
Pekka Pohjola;Harakka Bialoipokku;FI;1974;2;2020-08-07 21:44;https://reddit.com/r/progalbums/comments/i5mtj8/pekka_pohjola_harakka_bialoipokku_fi_1974/
Earth And Fire;Song Of The Marching Children;NL;1971;3;2020-08-06 19:12;https://reddit.com/r/progalbums/comments/i4y3r6/earth_and_fire_song_of_the_marching_children_nl/
Fantasy;Beyond The Beyond;UK;1974;2;2020-08-05 23:02;https://reddit.com/r/progalbums/comments/i4fysm/fantasy_beyond_the_beyond_uk_1974/
Energit;Energit;CZ;1975;1;2020-08-03 09:14;https://reddit.com/r/progalbums/comments/i2tuho/energit_energit_cz_1975/
Eden;Erwartung;DE;1978;1;2020-07-31 20:07;https://reddit.com/r/progalbums/comments/i1ejmc/eden_erwartung_de_1978/
Tadeusz Woźniak;Odcień Ciszy;PL;1974;1;2020-07-30 21:02;https://reddit.com/r/progalbums/comments/i0u4wm/tadeusz_woźniak_odcień_ciszy_pl_1974/
Omega;Time Robber;HU;1976;2;2020-07-29 06:05;https://reddit.com/r/progalbums/comments/hzve86/omega_time_robber_hu_1976/
Pumpkin;Pumpkin;NL;1975;1;2020-07-28 19:23;https://reddit.com/r/progalbums/comments/hzl38w/pumpkin_pumpkin_nl_1975/
Satin Whale;Desert Places;DE;1974;1;2020-07-27 22:07;https://reddit.com/r/progalbums/comments/hz20nd/satin_whale_desert_places_de_1974/
Lockwood;Lockwood;FR;1976;1;2020-07-27 02:10;https://reddit.com/r/progalbums/comments/hyjmuw/lockwood_lockwood_fr_1976/
Cressida;Asylum;UK;1971;1;2020-07-23 19:59;https://reddit.com/r/progalbums/comments/hwmuqa/cressida_asylum_uk_1971/
Trace;Birds;NL;1975;1;2020-07-20 21:14;https://reddit.com/r/progalbums/comments/hutxbb/trace_birds_nl_1975/
Plus;Plus;BE;1972;1;2020-07-19 22:24;https://reddit.com/r/progalbums/comments/hu9i7w/plus_plus_be_1972/
Windchase;Symphinity;AU;1977;2;2020-07-18 20:41;https://reddit.com/r/progalbums/comments/htnrr5/windchase_symphinity_au_1977/
Finch;Glory Of The Inner Force;NL;1975;1;2020-07-15 18:31;https://reddit.com/r/progalbums/comments/hrt3t6/finch_glory_of_the_inner_force_nl_1975/
Dutch Treat;Tranquility;NL;1977;1;2020-07-15 00:16;https://reddit.com/r/progalbums/comments/hrdavb/dutch_treat_tranquility_nl_1977/
Spirogyra;Bells, Boots And Shambles;UK;1973;8;2020-07-14 00:08;https://reddit.com/r/progalbums/comments/hqr0bd/spirogyra_bells_boots_and_shambles_uk_1973/
Good God;Good God;US;1972;1;2020-07-13 00:49;https://reddit.com/r/progalbums/comments/hq5nw8/good_god_good_god_us_1972/
Placebo;Ball Of Eyes;BE;1971;1;2020-07-11 18:52;https://reddit.com/r/progalbums/comments/hpff36/placebo_ball_of_eyes_be_1971/
Jane;Between Heaven and Hell;DE;1977;1;2020-07-11 18:42;https://reddit.com/r/progalbums/comments/hpf8kz/jane_between_heaven_and_hell_de_1977/
Continuum;Autumn Grass;NL/UK;1971;1;2020-07-10 19:32;https://reddit.com/r/progalbums/comments/hovi0h/continuum_autumn_grass_nluk_1971/
Pre;Pre;US;1973;1;2020-07-10 02:53;https://reddit.com/r/progalbums/comments/hoh4t8/pre_pre_us_1973/
Spin;Spin;NL;1976;2;2020-07-08 18:35;https://reddit.com/r/progalbums/comments/hnmlts/spin_spin_nl_1976/
Passport;Cross - Collateral;DE;1975;1;2020-07-08 18:13;https://reddit.com/r/progalbums/comments/hnm6ne/passport_crosscollateral_de_1975/
Back Door;Activate;UK;1976;1;2020-07-07 03:16;https://reddit.com/r/progalbums/comments/hmmopp/back_door_activate_uk_1976/
Aurora;Aurora;US;1977;1;2020-07-07 03:09;https://reddit.com/r/progalbums/comments/hmmkzz/aurora_aurora_us_1977/
Atlantis Philharmonic;Atlantis Philharmonic;US;1974;1;2020-07-05 21:37;https://reddit.com/r/progalbums/comments/hluqzv/atlantis_philharmonic_atlantis_philharmonic_us/
Absolute Elsewhere;In Search Of The Ancient Gods;UK;1976;1;2020-07-05 21:12;https://reddit.com/r/progalbums/comments/hluc78/absolute_elsewhere_in_search_of_the_ancient_gods/
Alpha Ralpha;Alpha Ralpha;FR;1977;1;2020-07-04 20:11;https://reddit.com/r/progalbums/comments/hl9t8h/alpha_ralpha_alpha_ralpha_fr_1977/
ACI;Tiefenrausch;DE;1982;2;2020-07-04 19:58;https://reddit.com/r/progalbums/comments/hl9lrq/aci_tiefenrausch_de_1982/
Dedalus;Dedalus;IT;1973;1;2020-07-04 01:50;https://reddit.com/r/progalbums/comments/hkva9a/dedalus_dedalus_it_1973/
Kolibri;Winterserenade;DE;1985;1;2020-07-03 22:19;https://reddit.com/r/progalbums/comments/hks6eh/kolibri_winterserenade_de_1985/
Supersister;To The Highest Bidder;NL;1971;2;2020-07-03 21:13;https://reddit.com/r/progalbums/comments/hkr30v/supersister_to_the_highest_bidder_nl_1971/
Happy The Man;Crafty Hands;US;1978;2;2020-07-03 18:29;https://reddit.com/r/progalbums/comments/hkoac4/happy_the_man_crafty_hands_us_1978/
Triumvirat;Spartacus;DE;1975;2;2020-07-03 07:51;https://reddit.com/r/progalbums/comments/hkf0v5/triumvirat_spartacus_de_1975/
